dataset,throughput,name
Adiac,1010.6230529665893,TSSB
ArrowHead,993.9168461183732,TSSB
Beef,818.3649384963286,TSSB
BeetleFly,776.4019814028466,TSSB
BirdChicken,697.3260702784434,TSSB
CBF,666.9216516553957,TSSB
Cane,244.51391928632285,UTSA
Car,1124.9390810772045,TSSB
Chinatown,524.1693859573429,TSSB
ChlorineConcentration,1104.8666662281296,TSSB
CinCECGTorso,1121.9589117265286,TSSB
Coffee,799.6312318258524,TSSB
Computers,545.0701165528081,TSSB
CricketX,1136.0793785275448,TSSB
CricketY,1109.823186295096,TSSB
CricketZ,1177.8356147711518,TSSB
Crop,685.1561910154372,TSSB
DiatomSizeReduction,1048.7617747872894,TSSB
DistalPhalanxOutlineAgeGroup,710.6856749413886,TSSB
DistalPhalanxTW,770.2631830138492,TSSB
DodgerLoopDay,989.628499466078,TSSB
DutchFactory,1080.0290870312347,UTSA
ECG200,709.1406862866074,TSSB
ECGFiveDays,945.7265492514042,TSSB
EEGRat,95.85001299024793,UTSA
EEGRat2,96.29239848057787,UTSA
EOGHorizontalSignal,1058.7576098231434,TSSB
EOGVerticalSignal,1015.0368547596133,TSSB
FaceAll,757.0262098576964,TSSB
FaceFour,706.0560668819336,TSSB
FacesUCR,1145.7044374973625,TSSB
Fetal2013,458.34540601233874,UTSA
FiftyWords,1182.5818911592785,TSSB
Fish,717.0555806091346,TSSB
FreezerRegularTrain,628.8714148767175,TSSB
GrandMalSeizures,443.1083078418756,UTSA
GrandMalSeizures2,424.9313434532601,UTSA
GreatBarbet1,219.54650024698523,UTSA
GreatBarbet2,216.1677953858291,UTSA
GunPoint,980.4780523794838,TSSB
Ham,717.0697901869698,TSSB
Haptics,1104.65165407971,TSSB
Herring,967.8637312576764,TSSB
InlineSkate,1104.3973576774813,TSSB
InsectEPG1,438.6565076099696,UTSA
InsectEPG2,388.5860972520463,UTSA
InsectEPG3,1094.0041413196273,UTSA
InsectEPG4,406.2522259913601,UTSA
InsectWingbeatSound,734.6750606391772,TSSB
ItalyPowerDemand,1020.6553721831839,TSSB
LargeKitchenAppliances,1190.8076070897703,TSSB
Lightning2,942.6625883293489,TSSB
Lightning7,1295.9138476061892,TSSB
MIT-BIH-Arr_MLII_Subject100,423.90488440484603,MIT-BIH-Arr
MIT-BIH-Arr_MLII_Subject101,427.60268073000583,MIT-BIH-Arr
MIT-BIH-Arr_MLII_Subject103,417.9232539110602,MIT-BIH-Arr
MIT-BIH-Arr_MLII_Subject105,436.3978076556172,MIT-BIH-Arr
MIT-BIH-Arr_MLII_Subject106,437.27504169495563,MIT-BIH-Arr
MIT-BIH-Arr_MLII_Subject107,420.1482218634878,MIT-BIH-Arr
MIT-BIH-Arr_MLII_Subject108,435.43255104001264,MIT-BIH-Arr
MIT-BIH-Arr_MLII_Subject109,427.13156982182664,MIT-BIH-Arr
MIT-BIH-Arr_MLII_Subject111,426.0549553530818,MIT-BIH-Arr
MIT-BIH-Arr_MLII_Subject112,422.2983464474953,MIT-BIH-Arr
MIT-BIH-Arr_MLII_Subject113,418.73831358454913,MIT-BIH-Arr
MIT-BIH-Arr_MLII_Subject114,431.2519439907541,MIT-BIH-Arr
MIT-BIH-Arr_MLII_Subject115,430.05617013249383,MIT-BIH-Arr
MIT-BIH-Arr_MLII_Subject116,424.815580951897,MIT-BIH-Arr
MIT-BIH-Arr_MLII_Subject117,423.2334738107178,MIT-BIH-Arr
MIT-BIH-Arr_MLII_Subject118,427.63427283256476,MIT-BIH-Arr
MIT-BIH-Arr_MLII_Subject119,430.6845123001263,MIT-BIH-Arr
MIT-BIH-Arr_MLII_Subject121,426.1739472841261,MIT-BIH-Arr
MIT-BIH-Arr_MLII_Subject122,418.4645138093398,MIT-BIH-Arr
MIT-BIH-Arr_MLII_Subject123,420.06580631766565,MIT-BIH-Arr
MIT-BIH-Arr_MLII_Subject124,426.8287963092038,MIT-BIH-Arr
MIT-BIH-Arr_MLII_Subject200,442.00001977087305,MIT-BIH-Arr
MIT-BIH-Arr_MLII_Subject201,426.23226958482354,MIT-BIH-Arr
MIT-BIH-Arr_MLII_Subject202,434.27120812623133,MIT-BIH-Arr
MIT-BIH-Arr_MLII_Subject203,433.0715461439326,MIT-BIH-Arr
MIT-BIH-Arr_MLII_Subject205,423.269494041884,MIT-BIH-Arr
MIT-BIH-Arr_MLII_Subject207,452.436418931189,MIT-BIH-Arr
MIT-BIH-Arr_MLII_Subject208,425.4274328491215,MIT-BIH-Arr
MIT-BIH-Arr_MLII_Subject209,441.2907882930113,MIT-BIH-Arr
MIT-BIH-Arr_MLII_Subject210,426.1719317634364,MIT-BIH-Arr
MIT-BIH-Arr_MLII_Subject212,436.3637166363977,MIT-BIH-Arr
MIT-BIH-Arr_MLII_Subject213,411.71394121866416,MIT-BIH-Arr
MIT-BIH-Arr_MLII_Subject214,430.9870016925912,MIT-BIH-Arr
MIT-BIH-Arr_MLII_Subject215,427.28203537033096,MIT-BIH-Arr
MIT-BIH-Arr_MLII_Subject217,442.86295582054885,MIT-BIH-Arr
MIT-BIH-Arr_MLII_Subject219,430.24084340650006,MIT-BIH-Arr
MIT-BIH-Arr_MLII_Subject220,414.5066745743736,MIT-BIH-Arr
MIT-BIH-Arr_MLII_Subject221,418.087890562394,MIT-BIH-Arr
MIT-BIH-Arr_MLII_Subject222,464.45747485595746,MIT-BIH-Arr
MIT-BIH-Arr_MLII_Subject223,446.12250746880505,MIT-BIH-Arr
MIT-BIH-Arr_MLII_Subject228,446.4241892137511,MIT-BIH-Arr
MIT-BIH-Arr_MLII_Subject230,466.39220769434456,MIT-BIH-Arr
MIT-BIH-Arr_MLII_Subject231,438.2502830206067,MIT-BIH-Arr
MIT-BIH-Arr_MLII_Subject232,437.2658515847539,MIT-BIH-Arr
MIT-BIH-Arr_MLII_Subject233,434.1037869484605,MIT-BIH-Arr
MIT-BIH-Arr_MLII_Subject234,441.7686990651792,MIT-BIH-Arr
MIT-BIH-Arr_V1_Subject101,449.94171788531776,MIT-BIH-Arr
MIT-BIH-Arr_V1_Subject105,442.91004708703656,MIT-BIH-Arr
MIT-BIH-Arr_V1_Subject106,429.7661446937045,MIT-BIH-Arr
MIT-BIH-Arr_V1_Subject107,430.22367899140966,MIT-BIH-Arr
MIT-BIH-Arr_V1_Subject108,433.162512360655,MIT-BIH-Arr
MIT-BIH-Arr_V1_Subject109,425.38168598402274,MIT-BIH-Arr
MIT-BIH-Arr_V1_Subject111,423.6802323345298,MIT-BIH-Arr
MIT-BIH-Arr_V1_Subject112,422.8082738398148,MIT-BIH-Arr
MIT-BIH-Arr_V1_Subject113,432.2417670805719,MIT-BIH-Arr
MIT-BIH-Arr_V1_Subject115,427.1596355339643,MIT-BIH-Arr
MIT-BIH-Arr_V1_Subject116,431.37560027011176,MIT-BIH-Arr
MIT-BIH-Arr_V1_Subject118,428.9923236936749,MIT-BIH-Arr
MIT-BIH-Arr_V1_Subject119,429.57531341510577,MIT-BIH-Arr
MIT-BIH-Arr_V1_Subject121,430.65445529686735,MIT-BIH-Arr
MIT-BIH-Arr_V1_Subject122,407.47635030815417,MIT-BIH-Arr
MIT-BIH-Arr_V1_Subject200,439.7014945043368,MIT-BIH-Arr
MIT-BIH-Arr_V1_Subject201,427.26235378496716,MIT-BIH-Arr
MIT-BIH-Arr_V1_Subject202,432.6015716388675,MIT-BIH-Arr
MIT-BIH-Arr_V1_Subject203,424.02093184671406,MIT-BIH-Arr
MIT-BIH-Arr_V1_Subject205,423.5821577909804,MIT-BIH-Arr
MIT-BIH-Arr_V1_Subject207,449.6155924915398,MIT-BIH-Arr
MIT-BIH-Arr_V1_Subject208,431.65106706958073,MIT-BIH-Arr
MIT-BIH-Arr_V1_Subject209,431.69353164608987,MIT-BIH-Arr
MIT-BIH-Arr_V1_Subject210,422.72756596078335,MIT-BIH-Arr
MIT-BIH-Arr_V1_Subject212,444.49455757448055,MIT-BIH-Arr
MIT-BIH-Arr_V1_Subject213,414.72277328384615,MIT-BIH-Arr
MIT-BIH-Arr_V1_Subject214,424.6388560361861,MIT-BIH-Arr
MIT-BIH-Arr_V1_Subject215,428.7658275079379,MIT-BIH-Arr
MIT-BIH-Arr_V1_Subject217,429.44673324137744,MIT-BIH-Arr
MIT-BIH-Arr_V1_Subject219,423.2285077974886,MIT-BIH-Arr
MIT-BIH-Arr_V1_Subject220,416.4570585184859,MIT-BIH-Arr
MIT-BIH-Arr_V1_Subject221,424.80068704980505,MIT-BIH-Arr
MIT-BIH-Arr_V1_Subject222,460.8694795475446,MIT-BIH-Arr
MIT-BIH-Arr_V1_Subject223,449.9651757278177,MIT-BIH-Arr
MIT-BIH-Arr_V1_Subject228,439.8699163880731,MIT-BIH-Arr
MIT-BIH-Arr_V1_Subject230,483.69383586938136,MIT-BIH-Arr
MIT-BIH-Arr_V1_Subject231,433.6572364581421,MIT-BIH-Arr
MIT-BIH-Arr_V1_Subject232,441.7610941147665,MIT-BIH-Arr
MIT-BIH-Arr_V1_Subject233,434.5330245700802,MIT-BIH-Arr
MIT-BIH-Arr_V1_Subject234,431.651241085254,MIT-BIH-Arr
MIT-BIH-Arr_V2_Subject102,418.36325720435565,MIT-BIH-Arr
MIT-BIH-Arr_V2_Subject103,427.1661791390845,MIT-BIH-Arr
MIT-BIH-Arr_V2_Subject104,445.3741039655341,MIT-BIH-Arr
MIT-BIH-Arr_V2_Subject117,420.3178413617683,MIT-BIH-Arr
MIT-BIH-Arr_V4_Subject124,425.39589160025423,MIT-BIH-Arr
MIT-BIH-Arr_V5_Subject100,425.6996612955731,MIT-BIH-Arr
MIT-BIH-Arr_V5_Subject102,428.99359680505813,MIT-BIH-Arr
MIT-BIH-Arr_V5_Subject104,462.3640409841841,MIT-BIH-Arr
MIT-BIH-Arr_V5_Subject114,426.58477455630714,MIT-BIH-Arr
MIT-BIH-Arr_V5_Subject123,421.5312918100655,MIT-BIH-Arr
MIT-BIH-VE_ECG_Subject418,410.55733162832087,MIT-BIH-VE
MIT-BIH-VE_ECG_Subject418,411.8369664602354,MIT-BIH-VE
MIT-BIH-VE_ECG_Subject419,446.9698672450028,MIT-BIH-VE
MIT-BIH-VE_ECG_Subject419,443.66236469538455,MIT-BIH-VE
MIT-BIH-VE_ECG_Subject420,463.0933714117378,MIT-BIH-VE
MIT-BIH-VE_ECG_Subject420,461.5460647188588,MIT-BIH-VE
MIT-BIH-VE_ECG_Subject421,483.8835932099048,MIT-BIH-VE
MIT-BIH-VE_ECG_Subject421,478.46411593519485,MIT-BIH-VE
MIT-BIH-VE_ECG_Subject422,443.0827034831256,MIT-BIH-VE
MIT-BIH-VE_ECG_Subject422,445.1528275808618,MIT-BIH-VE
MIT-BIH-VE_ECG_Subject423,430.5812201692737,MIT-BIH-VE
MIT-BIH-VE_ECG_Subject423,427.15242455679055,MIT-BIH-VE
MIT-BIH-VE_ECG_Subject424,455.79430025101544,MIT-BIH-VE
MIT-BIH-VE_ECG_Subject424,455.7874864836776,MIT-BIH-VE
MIT-BIH-VE_ECG_Subject425,446.5486230842106,MIT-BIH-VE
MIT-BIH-VE_ECG_Subject425,445.20438305755937,MIT-BIH-VE
MIT-BIH-VE_ECG_Subject426,455.80078147653086,MIT-BIH-VE
MIT-BIH-VE_ECG_Subject426,454.8243350265378,MIT-BIH-VE
MIT-BIH-VE_ECG_Subject427,432.6579389336361,MIT-BIH-VE
MIT-BIH-VE_ECG_Subject427,431.2435973148057,MIT-BIH-VE
MIT-BIH-VE_ECG_Subject428,469.1360816908121,MIT-BIH-VE
MIT-BIH-VE_ECG_Subject428,470.53761236532733,MIT-BIH-VE
MIT-BIH-VE_ECG_Subject429,452.2670372738113,MIT-BIH-VE
MIT-BIH-VE_ECG_Subject429,450.23649739819587,MIT-BIH-VE
MIT-BIH-VE_ECG_Subject430,498.0571896596725,MIT-BIH-VE
MIT-BIH-VE_ECG_Subject430,498.4582113720902,MIT-BIH-VE
MIT-BIH-VE_ECG_Subject602,467.7190491912746,MIT-BIH-VE
MIT-BIH-VE_ECG_Subject602,468.86946382672807,MIT-BIH-VE
MIT-BIH-VE_ECG_Subject605,435.84967556383185,MIT-BIH-VE
MIT-BIH-VE_ECG_Subject605,437.6551536321823,MIT-BIH-VE
MIT-BIH-VE_ECG_Subject607,465.0020075636896,MIT-BIH-VE
MIT-BIH-VE_ECG_Subject607,461.91284796487616,MIT-BIH-VE
MIT-BIH-VE_ECG_Subject609,433.4873681996746,MIT-BIH-VE
MIT-BIH-VE_ECG_Subject609,432.2572661326718,MIT-BIH-VE
MIT-BIH-VE_ECG_Subject610,452.9265238008161,MIT-BIH-VE
MIT-BIH-VE_ECG_Subject610,453.737703047197,MIT-BIH-VE
MIT-BIH-VE_ECG_Subject611,429.4249523654491,MIT-BIH-VE
MIT-BIH-VE_ECG_Subject611,427.8044134197178,MIT-BIH-VE
MIT-BIH-VE_ECG_Subject612,417.7263572392562,MIT-BIH-VE
MIT-BIH-VE_ECG_Subject612,418.0553956750692,MIT-BIH-VE
MIT-BIH-VE_ECG_Subject614,486.506905499437,MIT-BIH-VE
MIT-BIH-VE_ECG_Subject614,488.38687525005946,MIT-BIH-VE
MIT-BIH-VE_ECG_Subject615,456.5734939541277,MIT-BIH-VE
MIT-BIH-VE_ECG_Subject615,462.68361332898513,MIT-BIH-VE
Mallat,1143.9488651190195,TSSB
Meat,840.2897354720221,TSSB
MedicalImages,1127.4383331904257,TSSB
MelbournePedestrian,1024.9926173210968,TSSB
MiddlePhalanxOutlineAgeGroup,627.3479010788786,TSSB
MiddlePhalanxOutlineCorrect,618.7670671796476,TSSB
MiddlePhalanxTW,551.0584909891905,TSSB
MoteStrain,820.0161734620908,TSSB
NogunGun,1062.4098682902584,UTSA
NonInvasiveFetalECGThorax1,674.0053157757313,TSSB
NonInvasiveFetalECGThorax2,650.7435036180198,TSSB
OSULeaf,715.4934586442247,TSSB
OliveOil,698.0284465925773,TSSB
PAMAP_Indoor_Subject1_IMU_Shoe_X-Acc,420.40877247241264,PAMAP
PAMAP_Indoor_Subject1_IMU_Shoe_X-Gyro,424.3392441331511,PAMAP
PAMAP_Indoor_Subject1_IMU_Shoe_X-Mag,472.79761085879545,PAMAP
PAMAP_Indoor_Subject1_IMU_Shoe_Y-Acc,416.38532869614045,PAMAP
PAMAP_Indoor_Subject1_IMU_Shoe_Y-Gyro,432.54395908135854,PAMAP
PAMAP_Indoor_Subject1_IMU_Shoe_Y-Mag,523.1672491771083,PAMAP
PAMAP_Indoor_Subject1_IMU_Shoe_Z-Acc,419.663548556684,PAMAP
PAMAP_Indoor_Subject1_IMU_Shoe_Z-Gyro,426.7334116704929,PAMAP
PAMAP_Indoor_Subject1_IMU_Shoe_Z-Mag,486.38642411828494,PAMAP
PAMAP_Indoor_Subject2_IMU_Shoe_X-Acc,424.7792815534503,PAMAP
PAMAP_Indoor_Subject2_IMU_Shoe_X-Gyro,423.21329293784873,PAMAP
PAMAP_Indoor_Subject2_IMU_Shoe_X-Mag,466.6951842897217,PAMAP
PAMAP_Indoor_Subject2_IMU_Shoe_Y-Acc,425.3255035049003,PAMAP
PAMAP_Indoor_Subject2_IMU_Shoe_Y-Gyro,423.5384290707333,PAMAP
PAMAP_Indoor_Subject2_IMU_Shoe_Y-Mag,467.40551223830175,PAMAP
PAMAP_Indoor_Subject2_IMU_Shoe_Z-Acc,421.71588606818744,PAMAP
PAMAP_Indoor_Subject2_IMU_Shoe_Z-Gyro,427.18779272387604,PAMAP
PAMAP_Indoor_Subject2_IMU_Shoe_Z-Mag,462.083413864729,PAMAP
PAMAP_Indoor_Subject3_IMU_Shoe_X-Acc,427.1849755059528,PAMAP
PAMAP_Indoor_Subject3_IMU_Shoe_X-Gyro,435.74888945663116,PAMAP
PAMAP_Indoor_Subject3_IMU_Shoe_X-Mag,434.4294508345069,PAMAP
PAMAP_Indoor_Subject3_IMU_Shoe_Y-Acc,419.6602798842496,PAMAP
PAMAP_Indoor_Subject3_IMU_Shoe_Y-Gyro,423.61095541033524,PAMAP
PAMAP_Indoor_Subject3_IMU_Shoe_Y-Mag,457.7232830726067,PAMAP
PAMAP_Indoor_Subject3_IMU_Shoe_Z-Acc,424.6977977751941,PAMAP
PAMAP_Indoor_Subject3_IMU_Shoe_Z-Gyro,418.5879693619084,PAMAP
PAMAP_Indoor_Subject3_IMU_Shoe_Z-Mag,471.4395415031888,PAMAP
PAMAP_Indoor_Subject4_IMU_Shoe_X-Acc,481.56945979649487,PAMAP
PAMAP_Indoor_Subject4_IMU_Shoe_X-Gyro,484.57431261639766,PAMAP
PAMAP_Indoor_Subject4_IMU_Shoe_X-Mag,490.44371207570435,PAMAP
PAMAP_Indoor_Subject4_IMU_Shoe_Y-Acc,481.26943629924125,PAMAP
PAMAP_Indoor_Subject4_IMU_Shoe_Y-Gyro,476.90937244299334,PAMAP
PAMAP_Indoor_Subject4_IMU_Shoe_Y-Mag,480.5151348111391,PAMAP
PAMAP_Indoor_Subject4_IMU_Shoe_Z-Acc,481.42782435077135,PAMAP
PAMAP_Indoor_Subject4_IMU_Shoe_Z-Gyro,478.70298927042836,PAMAP
PAMAP_Indoor_Subject4_IMU_Shoe_Z-Mag,479.7214332334143,PAMAP
PAMAP_Indoor_Subject5_IMU_Shoe_X-Acc,416.71194963196456,PAMAP
PAMAP_Indoor_Subject5_IMU_Shoe_X-Gyro,433.6781555950052,PAMAP
PAMAP_Indoor_Subject5_IMU_Shoe_X-Mag,448.6153326832228,PAMAP
PAMAP_Indoor_Subject5_IMU_Shoe_Y-Acc,421.84038327735163,PAMAP
PAMAP_Indoor_Subject5_IMU_Shoe_Y-Gyro,412.4930779804579,PAMAP
PAMAP_Indoor_Subject5_IMU_Shoe_Y-Mag,481.68558081007126,PAMAP
PAMAP_Indoor_Subject5_IMU_Shoe_Z-Acc,413.969497682274,PAMAP
PAMAP_Indoor_Subject5_IMU_Shoe_Z-Gyro,410.73108459412725,PAMAP
PAMAP_Indoor_Subject5_IMU_Shoe_Z-Mag,493.9822856826256,PAMAP
PAMAP_Indoor_Subject6_IMU_Shoe_X-Acc,439.14141097897635,PAMAP
PAMAP_Indoor_Subject6_IMU_Shoe_X-Gyro,429.44253343509064,PAMAP
PAMAP_Indoor_Subject6_IMU_Shoe_X-Mag,503.5974440618938,PAMAP
PAMAP_Indoor_Subject6_IMU_Shoe_Y-Acc,439.1385200329281,PAMAP
PAMAP_Indoor_Subject6_IMU_Shoe_Y-Gyro,452.18969799204933,PAMAP
PAMAP_Indoor_Subject6_IMU_Shoe_Y-Mag,502.07202751552967,PAMAP
PAMAP_Indoor_Subject6_IMU_Shoe_Z-Acc,438.0344058384424,PAMAP
PAMAP_Indoor_Subject6_IMU_Shoe_Z-Gyro,445.9764256290453,PAMAP
PAMAP_Indoor_Subject6_IMU_Shoe_Z-Mag,480.9246521667947,PAMAP
PAMAP_Indoor_Subject7_IMU_Shoe_X-Acc,424.2495902129173,PAMAP
PAMAP_Indoor_Subject7_IMU_Shoe_X-Gyro,418.23932700745036,PAMAP
PAMAP_Indoor_Subject7_IMU_Shoe_X-Mag,444.914596830046,PAMAP
PAMAP_Indoor_Subject7_IMU_Shoe_Y-Acc,429.39539302547024,PAMAP
PAMAP_Indoor_Subject7_IMU_Shoe_Y-Gyro,420.5442454125943,PAMAP
PAMAP_Indoor_Subject7_IMU_Shoe_Y-Mag,457.726448447063,PAMAP
PAMAP_Indoor_Subject7_IMU_Shoe_Z-Acc,422.6533962680115,PAMAP
PAMAP_Indoor_Subject7_IMU_Shoe_Z-Gyro,419.25247802455624,PAMAP
PAMAP_Indoor_Subject7_IMU_Shoe_Z-Mag,461.9353391109057,PAMAP
PAMAP_Indoor_Subject8_IMU_Shoe_X-Acc,459.374578262237,PAMAP
PAMAP_Indoor_Subject8_IMU_Shoe_X-Gyro,431.4597894226455,PAMAP
PAMAP_Indoor_Subject8_IMU_Shoe_X-Mag,479.19900350713823,PAMAP
PAMAP_Indoor_Subject8_IMU_Shoe_Y-Acc,449.8266095000084,PAMAP
PAMAP_Indoor_Subject8_IMU_Shoe_Y-Gyro,424.0235401089734,PAMAP
PAMAP_Indoor_Subject8_IMU_Shoe_Y-Mag,477.6006893088679,PAMAP
PAMAP_Indoor_Subject8_IMU_Shoe_Z-Acc,438.28838160477983,PAMAP
PAMAP_Indoor_Subject8_IMU_Shoe_Z-Gyro,447.32697562527846,PAMAP
PAMAP_Indoor_Subject8_IMU_Shoe_Z-Mag,481.55752862984895,PAMAP
PAMAP_Outdoor_Subject2_IMU_Shoe_X-Acc,504.6885996017343,PAMAP
PAMAP_Outdoor_Subject2_IMU_Shoe_X-Gyro,501.0910022682103,PAMAP
PAMAP_Outdoor_Subject2_IMU_Shoe_X-Mag,510.4376892121372,PAMAP
PAMAP_Outdoor_Subject2_IMU_Shoe_Y-Acc,505.00824692740036,PAMAP
PAMAP_Outdoor_Subject2_IMU_Shoe_Y-Gyro,505.4786622151684,PAMAP
PAMAP_Outdoor_Subject2_IMU_Shoe_Y-Mag,505.6230532671412,PAMAP
PAMAP_Outdoor_Subject2_IMU_Shoe_Z-Acc,507.7688284265306,PAMAP
PAMAP_Outdoor_Subject2_IMU_Shoe_Z-Gyro,501.06785794535307,PAMAP
PAMAP_Outdoor_Subject2_IMU_Shoe_Z-Mag,497.39426234287447,PAMAP
PAMAP_Outdoor_Subject3_IMU_Shoe_X-Acc,447.42720871160975,PAMAP
PAMAP_Outdoor_Subject3_IMU_Shoe_X-Gyro,478.92271529030984,PAMAP
PAMAP_Outdoor_Subject3_IMU_Shoe_X-Mag,576.1883266230011,PAMAP
PAMAP_Outdoor_Subject3_IMU_Shoe_Y-Acc,447.27229109921166,PAMAP
PAMAP_Outdoor_Subject3_IMU_Shoe_Y-Gyro,474.6662829188792,PAMAP
PAMAP_Outdoor_Subject3_IMU_Shoe_Y-Mag,501.2252460204559,PAMAP
PAMAP_Outdoor_Subject3_IMU_Shoe_Z-Acc,441.5939691340564,PAMAP
PAMAP_Outdoor_Subject3_IMU_Shoe_Z-Gyro,476.8033225614597,PAMAP
PAMAP_Outdoor_Subject3_IMU_Shoe_Z-Mag,561.7054799108208,PAMAP
PAMAP_Outdoor_Subject4_IMU_Shoe_X-Acc,484.0631448726349,PAMAP
PAMAP_Outdoor_Subject4_IMU_Shoe_X-Gyro,485.855155885179,PAMAP
PAMAP_Outdoor_Subject4_IMU_Shoe_X-Mag,575.8148395130225,PAMAP
PAMAP_Outdoor_Subject4_IMU_Shoe_Y-Acc,517.3625268984044,PAMAP
PAMAP_Outdoor_Subject4_IMU_Shoe_Y-Gyro,525.7242432562277,PAMAP
PAMAP_Outdoor_Subject4_IMU_Shoe_Y-Mag,564.714488967225,PAMAP
PAMAP_Outdoor_Subject4_IMU_Shoe_Z-Acc,489.89320799779966,PAMAP
PAMAP_Outdoor_Subject4_IMU_Shoe_Z-Gyro,485.8373412416646,PAMAP
PAMAP_Outdoor_Subject4_IMU_Shoe_Z-Mag,579.9863094262263,PAMAP
PAMAP_Outdoor_Subject5_IMU_Shoe_X-Acc,458.09341632847156,PAMAP
PAMAP_Outdoor_Subject5_IMU_Shoe_X-Gyro,480.7138714215371,PAMAP
PAMAP_Outdoor_Subject5_IMU_Shoe_X-Mag,583.3201577457238,PAMAP
PAMAP_Outdoor_Subject5_IMU_Shoe_Y-Acc,474.24247940034604,PAMAP
PAMAP_Outdoor_Subject5_IMU_Shoe_Y-Gyro,492.0733115682994,PAMAP
PAMAP_Outdoor_Subject5_IMU_Shoe_Y-Mag,534.8680818363116,PAMAP
PAMAP_Outdoor_Subject5_IMU_Shoe_Z-Acc,480.9831876886433,PAMAP
PAMAP_Outdoor_Subject5_IMU_Shoe_Z-Gyro,481.42526627238584,PAMAP
PAMAP_Outdoor_Subject5_IMU_Shoe_Z-Mag,601.3510052192445,PAMAP
PAMAP_Outdoor_Subject6_IMU_Shoe_X-Acc,456.8920255217895,PAMAP
PAMAP_Outdoor_Subject6_IMU_Shoe_X-Gyro,493.54848538810586,PAMAP
PAMAP_Outdoor_Subject6_IMU_Shoe_X-Mag,591.359258939845,PAMAP
PAMAP_Outdoor_Subject6_IMU_Shoe_Y-Acc,456.7275042295897,PAMAP
PAMAP_Outdoor_Subject6_IMU_Shoe_Y-Gyro,470.2795867871635,PAMAP
PAMAP_Outdoor_Subject6_IMU_Shoe_Y-Mag,537.8715060157148,PAMAP
PAMAP_Outdoor_Subject6_IMU_Shoe_Z-Acc,483.7605354723083,PAMAP
PAMAP_Outdoor_Subject6_IMU_Shoe_Z-Gyro,458.00542344502804,PAMAP
PAMAP_Outdoor_Subject6_IMU_Shoe_Z-Mag,590.6807689512062,PAMAP
PAMAP_Outdoor_Subject7_IMU_Shoe_X-Acc,453.57197195406917,PAMAP
PAMAP_Outdoor_Subject7_IMU_Shoe_X-Gyro,520.5396276589573,PAMAP
PAMAP_Outdoor_Subject7_IMU_Shoe_X-Mag,529.7370903284341,PAMAP
PAMAP_Outdoor_Subject7_IMU_Shoe_Y-Acc,418.9061799561258,PAMAP
PAMAP_Outdoor_Subject7_IMU_Shoe_Y-Gyro,474.01845852686887,PAMAP
PAMAP_Outdoor_Subject7_IMU_Shoe_Y-Mag,519.1162890990744,PAMAP
PAMAP_Outdoor_Subject7_IMU_Shoe_Z-Acc,436.1596872793211,PAMAP
PAMAP_Outdoor_Subject7_IMU_Shoe_Z-Gyro,528.580916480282,PAMAP
PAMAP_Outdoor_Subject7_IMU_Shoe_Z-Mag,530.1384262393576,PAMAP
PAMAP_Outdoor_Subject8_IMU_Shoe_X-Acc,466.6037214275688,PAMAP
PAMAP_Outdoor_Subject8_IMU_Shoe_X-Gyro,507.0222604993012,PAMAP
PAMAP_Outdoor_Subject8_IMU_Shoe_X-Mag,604.5340719667016,PAMAP
PAMAP_Outdoor_Subject8_IMU_Shoe_Y-Acc,483.05589868253327,PAMAP
PAMAP_Outdoor_Subject8_IMU_Shoe_Y-Gyro,505.90658605726134,PAMAP
PAMAP_Outdoor_Subject8_IMU_Shoe_Y-Mag,608.3508714724136,PAMAP
PAMAP_Outdoor_Subject8_IMU_Shoe_Z-Acc,488.4347519203433,PAMAP
PAMAP_Outdoor_Subject8_IMU_Shoe_Z-Gyro,469.9433104083769,PAMAP
PAMAP_Outdoor_Subject8_IMU_Shoe_Z-Mag,606.5615623751155,PAMAP
PigInternalBleedingDatasetAirwayPressure,397.3828002313018,UTSA
PigInternalBleedingDatasetArtPressureFluidFilled,383.6671013259948,UTSA
PigInternalBleedingDatasetCVP,397.19697663313167,UTSA
Plane,805.3073889994141,TSSB
Powerdemand,1036.8152972293656,UTSA
ProximalPhalanxOutlineAgeGroup,725.4847882152436,TSSB
ProximalPhalanxOutlineCorrect,634.7185303313474,TSSB
ProximalPhalanxTW,652.4237977049485,TSSB
PulsusParadoxusECG1,402.5808477072542,UTSA
PulsusParadoxusECG2,440.7706635373941,UTSA
PulsusParadoxusSP02,518.6115077005721,UTSA
RoboticDogActivityX,469.3286003151045,UTSA
RoboticDogActivityY,455.2720104900232,UTSA
RoboticDogActivityZ,547.6688312172423,UTSA
ShapeletSim,663.8191993415406,TSSB
ShapesAll,769.8966336743538,TSSB
SimpleSynthetic,968.8183250201112,UTSA
SleepDB_SubjectST7011J0-PSG_EEG_Fpz-Cz,479.0045497305768,SleepDB
SleepDB_SubjectST7011J0-PSG_EEG_Pz-Oz,471.6896361692751,SleepDB
SleepDB_SubjectST7011J0-PSG_EMG_submental,465.27031501701157,SleepDB
SleepDB_SubjectST7011J0-PSG_EOG_horizontal,472.4183417571433,SleepDB
SleepDB_SubjectST7022J0-PSG_EEG_Fpz-Cz,472.0194498219257,SleepDB
SleepDB_SubjectST7022J0-PSG_EEG_Pz-Oz,472.97088856875695,SleepDB
SleepDB_SubjectST7022J0-PSG_EMG_submental,480.3758396474145,SleepDB
SleepDB_SubjectST7022J0-PSG_EOG_horizontal,470.70844588885996,SleepDB
SleepDB_SubjectST7041J0-PSG_EEG_Fpz-Cz,463.35220025771355,SleepDB
SleepDB_SubjectST7041J0-PSG_EEG_Pz-Oz,470.23866915470836,SleepDB
SleepDB_SubjectST7041J0-PSG_EMG_submental,473.63517486418067,SleepDB
SleepDB_SubjectST7041J0-PSG_EOG_horizontal,464.0826224041735,SleepDB
SleepDB_SubjectST7052J0-PSG_EEG_Fpz-Cz,470.47625617180637,SleepDB
SleepDB_SubjectST7052J0-PSG_EEG_Pz-Oz,466.8695211206044,SleepDB
SleepDB_SubjectST7052J0-PSG_EMG_submental,463.8062094073195,SleepDB
SleepDB_SubjectST7052J0-PSG_EOG_horizontal,471.0651746739881,SleepDB
SleepDB_SubjectST7061J0-PSG_EEG_Fpz-Cz,466.7959318116686,SleepDB
SleepDB_SubjectST7061J0-PSG_EEG_Pz-Oz,464.65338627866237,SleepDB
SleepDB_SubjectST7061J0-PSG_EMG_submental,475.1422269647092,SleepDB
SleepDB_SubjectST7061J0-PSG_EOG_horizontal,469.87881399040185,SleepDB
SleepDB_SubjectST7071J0-PSG_EEG_Fpz-Cz,471.24035956547357,SleepDB
SleepDB_SubjectST7071J0-PSG_EEG_Pz-Oz,472.57702248781897,SleepDB
SleepDB_SubjectST7071J0-PSG_EMG_submental,456.22613766702835,SleepDB
SleepDB_SubjectST7071J0-PSG_EOG_horizontal,475.7035557059528,SleepDB
SleepDB_SubjectST7082J0-PSG_EEG_Fpz-Cz,468.14461332213466,SleepDB
SleepDB_SubjectST7082J0-PSG_EEG_Pz-Oz,468.8476135368415,SleepDB
SleepDB_SubjectST7082J0-PSG_EMG_submental,465.9448106246698,SleepDB
SleepDB_SubjectST7082J0-PSG_EOG_horizontal,466.1168862405322,SleepDB
SleepDB_SubjectST7092J0-PSG_EEG_Fpz-Cz,471.03606824092225,SleepDB
SleepDB_SubjectST7092J0-PSG_EEG_Pz-Oz,474.41834978210534,SleepDB
SleepDB_SubjectST7092J0-PSG_EMG_submental,459.07197273914227,SleepDB
SleepDB_SubjectST7092J0-PSG_EOG_horizontal,474.6570806700171,SleepDB
SleepDB_SubjectST7101J0-PSG_EEG_Fpz-Cz,473.8105953505106,SleepDB
SleepDB_SubjectST7101J0-PSG_EEG_Pz-Oz,463.77784408592,SleepDB
SleepDB_SubjectST7101J0-PSG_EMG_submental,464.28528178638646,SleepDB
SleepDB_SubjectST7101J0-PSG_EOG_horizontal,471.61083460599906,SleepDB
SleepDB_SubjectST7112J0-PSG_EEG_Fpz-Cz,471.12257704249936,SleepDB
SleepDB_SubjectST7112J0-PSG_EEG_Pz-Oz,468.5536899598307,SleepDB
SleepDB_SubjectST7112J0-PSG_EMG_submental,465.7900601738065,SleepDB
SleepDB_SubjectST7112J0-PSG_EOG_horizontal,467.6088704365561,SleepDB
SleepDB_SubjectST7121J0-PSG_EEG_Fpz-Cz,464.9863993082762,SleepDB
SleepDB_SubjectST7121J0-PSG_EEG_Pz-Oz,470.0533955811186,SleepDB
SleepDB_SubjectST7121J0-PSG_EMG_submental,461.07124557368553,SleepDB
SleepDB_SubjectST7121J0-PSG_EOG_horizontal,475.74818659095484,SleepDB
SleepDB_SubjectST7132J0-PSG_EEG_Fpz-Cz,468.5993097187773,SleepDB
SleepDB_SubjectST7132J0-PSG_EEG_Pz-Oz,474.40676723792507,SleepDB
SleepDB_SubjectST7132J0-PSG_EMG_submental,464.94297144402753,SleepDB
SleepDB_SubjectST7132J0-PSG_EOG_horizontal,463.77609434024106,SleepDB
SleepDB_SubjectST7141J0-PSG_EEG_Fpz-Cz,473.22329420563767,SleepDB
SleepDB_SubjectST7141J0-PSG_EEG_Pz-Oz,472.07513592242583,SleepDB
SleepDB_SubjectST7141J0-PSG_EMG_submental,473.08071942995815,SleepDB
SleepDB_SubjectST7141J0-PSG_EOG_horizontal,478.2710497047689,SleepDB
SleepDB_SubjectST7151J0-PSG_EEG_Fpz-Cz,480.92984270682365,SleepDB
SleepDB_SubjectST7151J0-PSG_EEG_Pz-Oz,476.70703245907094,SleepDB
SleepDB_SubjectST7151J0-PSG_EMG_submental,472.31593963512984,SleepDB
SleepDB_SubjectST7151J0-PSG_EOG_horizontal,477.16165981536045,SleepDB
SleepDB_SubjectST7162J0-PSG_EEG_Fpz-Cz,457.8476941355359,SleepDB
SleepDB_SubjectST7162J0-PSG_EEG_Pz-Oz,464.365701378316,SleepDB
SleepDB_SubjectST7162J0-PSG_EMG_submental,453.7190067864575,SleepDB
SleepDB_SubjectST7162J0-PSG_EOG_horizontal,463.08240589168656,SleepDB
SleepDB_SubjectST7171J0-PSG_EEG_Fpz-Cz,471.48807038946495,SleepDB
SleepDB_SubjectST7171J0-PSG_EEG_Pz-Oz,461.90358583254874,SleepDB
SleepDB_SubjectST7171J0-PSG_EMG_submental,467.685446685681,SleepDB
SleepDB_SubjectST7171J0-PSG_EOG_horizontal,471.4587963714875,SleepDB
SleepDB_SubjectST7182J0-PSG_EEG_Fpz-Cz,472.84896884330567,SleepDB
SleepDB_SubjectST7182J0-PSG_EEG_Pz-Oz,468.7802422049063,SleepDB
SleepDB_SubjectST7182J0-PSG_EMG_submental,478.0794162324982,SleepDB
SleepDB_SubjectST7182J0-PSG_EOG_horizontal,474.76359907395226,SleepDB
SleepDB_SubjectST7192J0-PSG_EEG_Fpz-Cz,466.8175859887952,SleepDB
SleepDB_SubjectST7192J0-PSG_EEG_Pz-Oz,477.55785549278767,SleepDB
SleepDB_SubjectST7192J0-PSG_EMG_submental,477.47523681005833,SleepDB
SleepDB_SubjectST7192J0-PSG_EOG_horizontal,471.18707537104,SleepDB
SleepDB_SubjectST7201J0-PSG_EEG_Fpz-Cz,467.7880278935767,SleepDB
SleepDB_SubjectST7201J0-PSG_EEG_Pz-Oz,467.48585625417485,SleepDB
SleepDB_SubjectST7201J0-PSG_EMG_submental,459.2560191571209,SleepDB
SleepDB_SubjectST7201J0-PSG_EOG_horizontal,467.0051784492068,SleepDB
SleepDB_SubjectST7212J0-PSG_EEG_Fpz-Cz,488.17888511109714,SleepDB
SleepDB_SubjectST7212J0-PSG_EEG_Pz-Oz,480.89784536314147,SleepDB
SleepDB_SubjectST7212J0-PSG_EMG_submental,482.8876922042234,SleepDB
SleepDB_SubjectST7212J0-PSG_EOG_horizontal,486.0965936154081,SleepDB
SleepDB_SubjectST7221J0-PSG_EEG_Fpz-Cz,496.5495720800916,SleepDB
SleepDB_SubjectST7221J0-PSG_EEG_Pz-Oz,495.95764559596813,SleepDB
SleepDB_SubjectST7221J0-PSG_EMG_submental,508.2741631180621,SleepDB
SleepDB_SubjectST7221J0-PSG_EOG_horizontal,504.31969262480357,SleepDB
SleepDB_SubjectST7241J0-PSG_EEG_Fpz-Cz,510.46500401026015,SleepDB
SleepDB_SubjectST7241J0-PSG_EEG_Pz-Oz,511.9214088397333,SleepDB
SleepDB_SubjectST7241J0-PSG_EMG_submental,507.2094730689145,SleepDB
SleepDB_SubjectST7241J0-PSG_EOG_horizontal,512.8005723868546,SleepDB
SonyAIBORobotSurface1,686.6494160093574,TSSB
SonyAIBORobotSurface2,1001.222494377124,TSSB
Strawberry,1010.9313179744289,TSSB
SuddenCardiacDeath1,623.1293770018244,UTSA
SuddenCardiacDeath2,541.8823046682885,UTSA
SuddenCardiacDeath3,570.6687770937983,UTSA
SwedishLeaf,1067.763723231452,TSSB
Symbols,1044.7921856739172,TSSB
SyntheticControl,778.5746565745802,TSSB
TiltABP,552.7062618748797,UTSA
TiltECG,461.84772639152357,UTSA
ToeSegmentation1,734.6052224506731,TSSB
ToeSegmentation2,1046.494202608967,TSSB
Trace,1179.6787462932791,TSSB
TwoLeadECG,783.9656670575081,TSSB
UMD,724.9435904275556,TSSB
UWaveGestureLibraryAll,1101.812719766554,TSSB
UWaveGestureLibraryX,1197.191262018075,TSSB
UWaveGestureLibraryY,1089.7978294273887,TSSB
UWaveGestureLibraryZ,1179.0473493813302,TSSB
WESAD_Subject2_chest_ECG,397.5452801938511,WESAD
WESAD_Subject2_chest_EDA,422.97112033990123,WESAD
WESAD_Subject2_chest_EMG,404.23075454858173,WESAD
WESAD_Subject2_chest_Resp,459.69822758095773,WESAD
WESAD_Subject2_chest_Temp,387.7875007742728,WESAD
WESAD_Subject2_chest_X-ACC,402.9568813956228,WESAD
WESAD_Subject2_chest_Y-ACC,410.8299096367223,WESAD
WESAD_Subject2_chest_Z-ACC,398.3710753513029,WESAD
WESAD_Subject3_chest_ECG,413.19624981554495,WESAD
WESAD_Subject3_chest_EDA,409.3174215664259,WESAD
WESAD_Subject3_chest_EMG,403.2101882829197,WESAD
WESAD_Subject3_chest_Resp,524.4233417795808,WESAD
WESAD_Subject3_chest_Temp,396.89336834930856,WESAD
WESAD_Subject3_chest_X-ACC,432.8106614456767,WESAD
WESAD_Subject3_chest_Y-ACC,418.8417925413069,WESAD
WESAD_Subject3_chest_Z-ACC,422.38196599209067,WESAD
WESAD_Subject4_chest_ECG,403.8602551234724,WESAD
WESAD_Subject4_chest_EDA,424.28100633296435,WESAD
WESAD_Subject4_chest_EMG,397.4117659110184,WESAD
WESAD_Subject4_chest_Resp,509.2335908837343,WESAD
WESAD_Subject4_chest_Temp,425.0089638226558,WESAD
WESAD_Subject4_chest_X-ACC,407.55931832762224,WESAD
WESAD_Subject4_chest_Y-ACC,418.8811953297736,WESAD
WESAD_Subject4_chest_Z-ACC,410.60420009768364,WESAD
WESAD_Subject5_chest_ECG,434.055729655564,WESAD
WESAD_Subject5_chest_EDA,456.93667201876525,WESAD
WESAD_Subject5_chest_EMG,416.0541936711142,WESAD
WESAD_Subject5_chest_Resp,574.5279364771892,WESAD
WESAD_Subject5_chest_Temp,405.68320571722114,WESAD
WESAD_Subject5_chest_X-ACC,431.39261681211866,WESAD
WESAD_Subject5_chest_Y-ACC,433.1949212062847,WESAD
WESAD_Subject5_chest_Z-ACC,429.46896943187335,WESAD
WalkJogRun1,668.29628386708,UTSA
WalkJogRun2,625.2119601623639,UTSA
WordSynonyms,1191.4136105525859,TSSB
Yoga,466.12077731848404,TSSB
mHealth_Subject10_Ankle_X-Acc,568.7280146420833,mHealth
mHealth_Subject10_Ankle_X-Gyro,622.3256176091843,mHealth
mHealth_Subject10_Ankle_X-Mag,670.2884679866397,mHealth
mHealth_Subject10_Ankle_Y-Acc,611.1359811539115,mHealth
mHealth_Subject10_Ankle_Y-Gyro,599.4525329408724,mHealth
mHealth_Subject10_Ankle_Y-Mag,670.5188423293973,mHealth
mHealth_Subject10_Ankle_Z-Acc,599.8060461400823,mHealth
mHealth_Subject10_Ankle_Z-Gyro,598.6474372075705,mHealth
mHealth_Subject10_Ankle_Z-Mag,623.0111172999875,mHealth
mHealth_Subject1_Ankle_X-Acc,564.6378252951935,mHealth
mHealth_Subject1_Ankle_X-Gyro,569.8795843730195,mHealth
mHealth_Subject1_Ankle_X-Mag,651.2841771428723,mHealth
mHealth_Subject1_Ankle_Y-Acc,601.5013758281342,mHealth
mHealth_Subject1_Ankle_Y-Gyro,595.7933836324898,mHealth
mHealth_Subject1_Ankle_Y-Mag,587.6417767780936,mHealth
mHealth_Subject1_Ankle_Z-Acc,600.5819683564889,mHealth
mHealth_Subject1_Ankle_Z-Gyro,606.6438074846263,mHealth
mHealth_Subject1_Ankle_Z-Mag,607.3661977900234,mHealth
mHealth_Subject2_Ankle_X-Acc,541.7059507036543,mHealth
mHealth_Subject2_Ankle_X-Gyro,551.494767890173,mHealth
mHealth_Subject2_Ankle_X-Mag,651.7061743173418,mHealth
mHealth_Subject2_Ankle_Y-Acc,586.5458538919229,mHealth
mHealth_Subject2_Ankle_Y-Gyro,594.9565767783654,mHealth
mHealth_Subject2_Ankle_Y-Mag,541.2904193559865,mHealth
mHealth_Subject2_Ankle_Z-Acc,552.2881839852206,mHealth
mHealth_Subject2_Ankle_Z-Gyro,570.4008804988327,mHealth
mHealth_Subject2_Ankle_Z-Mag,572.0716599784906,mHealth
mHealth_Subject3_Ankle_X-Acc,546.4791548054908,mHealth
mHealth_Subject3_Ankle_X-Gyro,587.6286446276573,mHealth
mHealth_Subject3_Ankle_X-Mag,630.221922055068,mHealth
mHealth_Subject3_Ankle_Y-Acc,558.9246113630973,mHealth
mHealth_Subject3_Ankle_Y-Gyro,584.3085359093012,mHealth
mHealth_Subject3_Ankle_Y-Mag,643.166878177302,mHealth
mHealth_Subject3_Ankle_Z-Acc,597.1994861701513,mHealth
mHealth_Subject3_Ankle_Z-Gyro,611.8530287561437,mHealth
mHealth_Subject3_Ankle_Z-Mag,625.6343366197949,mHealth
mHealth_Subject4_Ankle_X-Acc,497.51939342819674,mHealth
mHealth_Subject4_Ankle_X-Gyro,594.6338694561924,mHealth
mHealth_Subject4_Ankle_X-Mag,643.9100155925703,mHealth
mHealth_Subject4_Ankle_Y-Acc,582.8993098396053,mHealth
mHealth_Subject4_Ankle_Y-Gyro,561.5662407771998,mHealth
mHealth_Subject4_Ankle_Y-Mag,554.6698805465452,mHealth
mHealth_Subject4_Ankle_Z-Acc,563.7834014051065,mHealth
mHealth_Subject4_Ankle_Z-Gyro,584.6159240592185,mHealth
mHealth_Subject4_Ankle_Z-Mag,614.3298389916857,mHealth
mHealth_Subject5_Ankle_X-Acc,625.0672860619034,mHealth
mHealth_Subject5_Ankle_X-Gyro,611.3453274543298,mHealth
mHealth_Subject5_Ankle_X-Mag,664.3817337185262,mHealth
mHealth_Subject5_Ankle_Y-Acc,612.2064191952511,mHealth
mHealth_Subject5_Ankle_Y-Gyro,607.7133199224575,mHealth
mHealth_Subject5_Ankle_Y-Mag,637.8634220883874,mHealth
mHealth_Subject5_Ankle_Z-Acc,583.6749203819016,mHealth
mHealth_Subject5_Ankle_Z-Gyro,598.3345414001252,mHealth
mHealth_Subject5_Ankle_Z-Mag,667.4943342236135,mHealth
mHealth_Subject6_Ankle_X-Acc,616.7146394239414,mHealth
mHealth_Subject6_Ankle_X-Gyro,611.2070189648342,mHealth
mHealth_Subject6_Ankle_X-Mag,693.279527789126,mHealth
mHealth_Subject6_Ankle_Y-Acc,609.9439384721173,mHealth
mHealth_Subject6_Ankle_Y-Gyro,615.4775456154262,mHealth
mHealth_Subject6_Ankle_Y-Mag,596.2819396939339,mHealth
mHealth_Subject6_Ankle_Z-Acc,610.9454338219641,mHealth
mHealth_Subject6_Ankle_Z-Gyro,621.9678956573043,mHealth
mHealth_Subject6_Ankle_Z-Mag,614.9346874445778,mHealth
mHealth_Subject7_Ankle_X-Acc,545.4797187044633,mHealth
mHealth_Subject7_Ankle_X-Gyro,576.9742912095325,mHealth
mHealth_Subject7_Ankle_X-Mag,627.4524311685909,mHealth
mHealth_Subject7_Ankle_Y-Acc,629.3036453672211,mHealth
mHealth_Subject7_Ankle_Y-Gyro,624.0160569313009,mHealth
mHealth_Subject7_Ankle_Y-Mag,582.9858471690083,mHealth
mHealth_Subject7_Ankle_Z-Acc,568.7072402145898,mHealth
mHealth_Subject7_Ankle_Z-Gyro,625.9268757973415,mHealth
mHealth_Subject7_Ankle_Z-Mag,595.2684659910066,mHealth
mHealth_Subject8_Ankle_X-Acc,605.4448993733884,mHealth
mHealth_Subject8_Ankle_X-Gyro,564.1319256012,mHealth
mHealth_Subject8_Ankle_X-Mag,659.9005600114489,mHealth
mHealth_Subject8_Ankle_Y-Acc,585.8769303479224,mHealth
mHealth_Subject8_Ankle_Y-Gyro,571.9040169027384,mHealth
mHealth_Subject8_Ankle_Y-Mag,645.2456544377977,mHealth
mHealth_Subject8_Ankle_Z-Acc,602.5788285372181,mHealth
mHealth_Subject8_Ankle_Z-Gyro,601.8132987415936,mHealth
mHealth_Subject8_Ankle_Z-Mag,633.5594163569771,mHealth
mHealth_Subject9_Ankle_X-Acc,584.459881602435,mHealth
mHealth_Subject9_Ankle_X-Gyro,628.7727574803187,mHealth
mHealth_Subject9_Ankle_X-Mag,644.424916336068,mHealth
mHealth_Subject9_Ankle_Y-Acc,604.1024118562187,mHealth
mHealth_Subject9_Ankle_Y-Gyro,628.0930810946207,mHealth
mHealth_Subject9_Ankle_Y-Mag,615.2492555558877,mHealth
mHealth_Subject9_Ankle_Z-Acc,617.7118970581821,mHealth
mHealth_Subject9_Ankle_Z-Gyro,630.1486684770641,mHealth
mHealth_Subject9_Ankle_Z-Mag,637.1824971883506,mHealth
