name,dataset,default,scoring-clasp
UTSA,Cane,0.00042,0.01592
UTSA,DutchFactory,0.0,0.0
UTSA,EEGRat,0.00019,0.00229
UTSA,EEGRat2,0.00025,0.00172
UTSA,Fetal2013,2.0153100000000004,192.89658
UTSA,GrandMalSeizures,1.76979,320.22496
UTSA,GrandMalSeizures2,0.14798,20.621520000000004
UTSA,GreatBarbet1,0.00024,0.00342
UTSA,GreatBarbet2,0.00019,0.0022
UTSA,InsectEPG1,2.37446,190.19462000000001
UTSA,InsectEPG2,0.0026,0.46848
UTSA,InsectEPG3,0.0,0.0
UTSA,InsectEPG4,4.95782,1075.97615
UTSA,NogunGun,0.0,0.0
UTSA,PigInternalBleedingDatasetAirwayPressure,2.84043,636.64189
UTSA,PigInternalBleedingDatasetArtPressureFluidFilled,2.30234,427.74607000000003
UTSA,PigInternalBleedingDatasetCVP,1.73284,365.81425
UTSA,Powerdemand,0.0,0.0
UTSA,PulsusParadoxusECG1,2.8250400000000004,435.37957
UTSA,PulsusParadoxusECG2,2.35203,319.69922
UTSA,PulsusParadoxusSP02,2.1655100000000003,221.96601000000004
UTSA,RoboticDogActivityX,0.45821,40.15318
UTSA,RoboticDogActivityY,1.8363,332.07124
UTSA,RoboticDogActivityZ,0.16751000000000002,58.893539999999994
UTSA,SimpleSynthetic,0.0,0.0
UTSA,SuddenCardiacDeath1,0.08886,4.30501
UTSA,SuddenCardiacDeath2,1.01207,165.78597
UTSA,SuddenCardiacDeath3,1.04638,13.80469
UTSA,TiltABP,10.360859999999999,1217.38051
UTSA,TiltECG,16.70995,3374.9740600000005
UTSA,WalkJogRun1,0.00083,0.03999
UTSA,WalkJogRun2,0.00045,0.04328
TSSB,Adiac,0.0,0.0
TSSB,ArrowHead,0.0,0.0
TSSB,Beef,0.0,0.0
TSSB,BeetleFly,0.00059,0.04379
TSSB,BirdChicken,0.00042,0.00666
TSSB,Car,0.0,0.0
TSSB,CBF,0.0,0.0
TSSB,ChlorineConcentration,0.0,0.0
TSSB,CinCECGTorso,0.0,0.0
TSSB,Coffee,0.00016,0.00088
TSSB,Computers,0.81711,178.50437
TSSB,CricketX,0.0,0.0
TSSB,CricketY,0.0,0.0
TSSB,CricketZ,0.0,0.0
TSSB,DiatomSizeReduction,0.0,0.0
TSSB,DistalPhalanxOutlineAgeGroup,0.00058,0.00869
TSSB,DistalPhalanxTW,0.00094,0.02772
TSSB,ECG200,0.00072,0.01808
TSSB,ECGFiveDays,0.0,0.0
TSSB,FaceAll,0.00039,0.0089
TSSB,FaceFour,0.00033,0.00957
TSSB,FacesUCR,0.0,0.0
TSSB,FiftyWords,0.0,0.0
TSSB,Fish,0.01239,0.37824
TSSB,GunPoint,0.00029,0.00262
TSSB,Haptics,0.0,0.0
TSSB,InlineSkate,0.0,0.0
TSSB,InsectWingbeatSound,0.0,0.0
TSSB,ItalyPowerDemand,0.0,0.0
TSSB,LargeKitchenAppliances,0.0,0.0
TSSB,Lightning2,0.0,0.0
TSSB,Lightning7,0.0,0.0
TSSB,Mallat,0.0,0.0
TSSB,Meat,0.0,0.00524
TSSB,MedicalImages,0.0,0.0
TSSB,MoteStrain,0.0,0.01324
TSSB,NonInvasiveFetalECGThorax1,0.34851,15.945319999999999
TSSB,NonInvasiveFetalECGThorax2,0.69018,36.47654
TSSB,OliveOil,0.00103,0.06096
TSSB,OSULeaf,0.00051,0.00851
TSSB,Plane,0.00034,0.00333
TSSB,ProximalPhalanxOutlineAgeGroup,0.00082,0.01936
TSSB,ProximalPhalanxTW,0.0001,0.01537
TSSB,ShapesAll,0.00032,0.00566
TSSB,SonyAIBORobotSurface1,0.00055,0.01325
TSSB,SonyAIBORobotSurface2,0.00037,0.00237
TSSB,SwedishLeaf,0.0,0.0
TSSB,Symbols,0.0,0.0
TSSB,SyntheticControl,0.00025,0.00299
TSSB,ToeSegmentation1,0.00048,0.03016
TSSB,ToeSegmentation2,0.0,0.0
TSSB,Trace,0.0,0.0
TSSB,TwoLeadECG,0.0,0.0
TSSB,UWaveGestureLibraryAll,0.0,0.0
TSSB,UWaveGestureLibraryX,0.0,0.0
TSSB,UWaveGestureLibraryY,0.0,0.0
TSSB,UWaveGestureLibraryZ,0.0,0.0
TSSB,WordSynonyms,0.00104,0.03672
TSSB,Yoga,4.10928,896.1756399999999
TSSB,Crop,1.50786,105.10083999999999
TSSB,EOGHorizontalSignal,0.00013,0.0
TSSB,EOGVerticalSignal,0.0,0.0
TSSB,FreezerRegularTrain,0.22589000000000004,185.79057
TSSB,Ham,0.0003,0.00591
TSSB,MelbournePedestrian,0.0,0.0
TSSB,MiddlePhalanxOutlineAgeGroup,0.08635999999999999,6.619020000000001
TSSB,MiddlePhalanxOutlineCorrect,0.00142,0.18013
TSSB,ProximalPhalanxOutlineCorrect,0.00089,0.05945
TSSB,Strawberry,0.0,0.0
TSSB,Chinatown,0.0,0.0
TSSB,DodgerLoopDay,0.0,0.0
TSSB,Herring,0.0,0.0
TSSB,MiddlePhalanxTW,0.00242,0.33034
TSSB,ShapeletSim,0.00096,0.04313
TSSB,UMD,0.00052,0.01717
PAMAP,PAMAP_Indoor_Subject1_IMU_Shoe_X-Acc,72.34137,14913.258220000002
PAMAP,PAMAP_Indoor_Subject1_IMU_Shoe_Y-Acc,72.25641,15123.34422
PAMAP,PAMAP_Indoor_Subject1_IMU_Shoe_Z-Acc,72.40262,14841.73898
PAMAP,PAMAP_Indoor_Subject1_IMU_Shoe_X-Gyro,69.55577999999998,14274.97669
PAMAP,PAMAP_Indoor_Subject1_IMU_Shoe_Y-Gyro,69.0844,14158.307219999999
PAMAP,PAMAP_Indoor_Subject1_IMU_Shoe_Z-Gyro,69.46065999999999,14819.95427
PAMAP,PAMAP_Indoor_Subject1_IMU_Shoe_X-Mag,53.20304000000001,11530.554360000002
PAMAP,PAMAP_Indoor_Subject1_IMU_Shoe_Y-Mag,56.87995,12358.95419
PAMAP,PAMAP_Indoor_Subject1_IMU_Shoe_Z-Mag,48.94233000000001,11787.443789999998
PAMAP,PAMAP_Indoor_Subject2_IMU_Shoe_X-Acc,76.34250999999999,15415.03457
PAMAP,PAMAP_Indoor_Subject2_IMU_Shoe_Y-Acc,74.30488000000001,15178.967450000002
PAMAP,PAMAP_Indoor_Subject2_IMU_Shoe_Z-Acc,76.79585,15119.92778
PAMAP,PAMAP_Indoor_Subject2_IMU_Shoe_X-Gyro,73.85699000000001,15376.61519
PAMAP,PAMAP_Indoor_Subject2_IMU_Shoe_Y-Gyro,75.36116999999999,15396.433829999998
PAMAP,PAMAP_Indoor_Subject2_IMU_Shoe_Z-Gyro,73.7859,15122.724539999997
PAMAP,PAMAP_Indoor_Subject2_IMU_Shoe_X-Mag,62.83241999999999,15094.375329999997
PAMAP,PAMAP_Indoor_Subject2_IMU_Shoe_Y-Mag,57.48074999999999,13750.952329999996
PAMAP,PAMAP_Indoor_Subject2_IMU_Shoe_Z-Mag,60.28484999999999,13205.79384
PAMAP,PAMAP_Indoor_Subject3_IMU_Shoe_X-Acc,71.24606999999999,14881.43341
PAMAP,PAMAP_Indoor_Subject3_IMU_Shoe_Y-Acc,74.68948999999999,15687.684569999998
PAMAP,PAMAP_Indoor_Subject3_IMU_Shoe_Z-Acc,72.24131999999999,15029.92524
PAMAP,PAMAP_Indoor_Subject3_IMU_Shoe_X-Gyro,66.15005,13109.10282
PAMAP,PAMAP_Indoor_Subject3_IMU_Shoe_Y-Gyro,71.30549,15017.105940000001
PAMAP,PAMAP_Indoor_Subject3_IMU_Shoe_Z-Gyro,73.76907999999997,15508.517210000002
PAMAP,PAMAP_Indoor_Subject3_IMU_Shoe_X-Mag,65.89501,15234.030819999996
PAMAP,PAMAP_Indoor_Subject3_IMU_Shoe_Y-Mag,54.62406000000001,13038.20634
PAMAP,PAMAP_Indoor_Subject3_IMU_Shoe_Z-Mag,51.37911,11054.126659999998
PAMAP,PAMAP_Indoor_Subject4_IMU_Shoe_X-Acc,42.599439999999994,14987.170490000002
PAMAP,PAMAP_Indoor_Subject4_IMU_Shoe_Y-Acc,42.83828,14859.31447
PAMAP,PAMAP_Indoor_Subject4_IMU_Shoe_Z-Acc,43.80432999999999,15375.291209999998
PAMAP,PAMAP_Indoor_Subject4_IMU_Shoe_X-Gyro,42.502309999999994,14591.10751
PAMAP,PAMAP_Indoor_Subject4_IMU_Shoe_Y-Gyro,43.30830999999999,15603.248160000001
PAMAP,PAMAP_Indoor_Subject4_IMU_Shoe_Z-Gyro,43.804590000000005,15669.444570000003
PAMAP,PAMAP_Indoor_Subject4_IMU_Shoe_X-Mag,43.32043000000001,14631.00611
PAMAP,PAMAP_Indoor_Subject4_IMU_Shoe_Y-Mag,44.354350000000004,15559.459790000003
PAMAP,PAMAP_Indoor_Subject4_IMU_Shoe_Z-Mag,42.13633999999999,15091.87044
PAMAP,PAMAP_Indoor_Subject5_IMU_Shoe_X-Acc,77.5914,16403.65675
PAMAP,PAMAP_Indoor_Subject5_IMU_Shoe_Y-Acc,75.23687000000001,15712.10082
PAMAP,PAMAP_Indoor_Subject5_IMU_Shoe_Z-Acc,80.14185999999998,16584.310039999997
PAMAP,PAMAP_Indoor_Subject5_IMU_Shoe_X-Gyro,74.23401,15254.730710000003
PAMAP,PAMAP_Indoor_Subject5_IMU_Shoe_Y-Gyro,78.76941,16540.96825
PAMAP,PAMAP_Indoor_Subject5_IMU_Shoe_Z-Gyro,80.06995,16811.872160000003
PAMAP,PAMAP_Indoor_Subject5_IMU_Shoe_X-Mag,57.936800000000005,14411.58022
PAMAP,PAMAP_Indoor_Subject5_IMU_Shoe_Y-Mag,54.405699999999996,14203.487430000001
PAMAP,PAMAP_Indoor_Subject5_IMU_Shoe_Z-Mag,61.66391999999999,14083.03219
PAMAP,PAMAP_Indoor_Subject6_IMU_Shoe_X-Acc,66.03264,13867.131409999998
PAMAP,PAMAP_Indoor_Subject6_IMU_Shoe_Y-Acc,64.05594,13579.606430000003
PAMAP,PAMAP_Indoor_Subject6_IMU_Shoe_Z-Acc,69.13811000000001,14021.223029999997
PAMAP,PAMAP_Indoor_Subject6_IMU_Shoe_X-Gyro,72.01347,14537.13969
PAMAP,PAMAP_Indoor_Subject6_IMU_Shoe_Y-Gyro,62.77358999999999,13453.382990000002
PAMAP,PAMAP_Indoor_Subject6_IMU_Shoe_Z-Gyro,63.480990000000006,13328.25552
PAMAP,PAMAP_Indoor_Subject6_IMU_Shoe_X-Mag,53.86451999999999,12055.500109999999
PAMAP,PAMAP_Indoor_Subject6_IMU_Shoe_Y-Mag,53.71891999999999,12111.15106
PAMAP,PAMAP_Indoor_Subject6_IMU_Shoe_Z-Mag,49.525529999999996,10804.37751
PAMAP,PAMAP_Indoor_Subject7_IMU_Shoe_X-Acc,73.11044000000001,15100.3374
PAMAP,PAMAP_Indoor_Subject7_IMU_Shoe_Y-Acc,69.55968999999999,14586.248679999999
PAMAP,PAMAP_Indoor_Subject7_IMU_Shoe_Z-Acc,75.05406,15305.36736
PAMAP,PAMAP_Indoor_Subject7_IMU_Shoe_X-Gyro,73.39978,15150.896980000001
PAMAP,PAMAP_Indoor_Subject7_IMU_Shoe_Y-Gyro,72.69944000000001,15383.797009999998
PAMAP,PAMAP_Indoor_Subject7_IMU_Shoe_Z-Gyro,72.11851,14863.243160000002
PAMAP,PAMAP_Indoor_Subject7_IMU_Shoe_X-Mag,61.98159,13569.297489999999
PAMAP,PAMAP_Indoor_Subject7_IMU_Shoe_Y-Mag,57.48505000000001,12613.31117
PAMAP,PAMAP_Indoor_Subject7_IMU_Shoe_Z-Mag,58.010799999999996,12909.403330000001
PAMAP,PAMAP_Indoor_Subject8_IMU_Shoe_X-Acc,66.18512000000001,13805.96233
PAMAP,PAMAP_Indoor_Subject8_IMU_Shoe_Y-Acc,68.14588,13962.65719
PAMAP,PAMAP_Indoor_Subject8_IMU_Shoe_Z-Acc,71.24266999999999,14578.63507
PAMAP,PAMAP_Indoor_Subject8_IMU_Shoe_X-Gyro,74.45703,15494.94557
PAMAP,PAMAP_Indoor_Subject8_IMU_Shoe_Y-Gyro,78.16864999999999,15846.654239999998
PAMAP,PAMAP_Indoor_Subject8_IMU_Shoe_Z-Gyro,71.01623,15348.54891
PAMAP,PAMAP_Indoor_Subject8_IMU_Shoe_X-Mag,51.11366999999999,10928.91463
PAMAP,PAMAP_Indoor_Subject8_IMU_Shoe_Y-Mag,58.34108000000001,12916.778099999998
PAMAP,PAMAP_Indoor_Subject8_IMU_Shoe_Z-Mag,56.18295,12614.13464
PAMAP,PAMAP_Outdoor_Subject2_IMU_Shoe_X-Acc,50.02464,18717.046820000003
PAMAP,PAMAP_Outdoor_Subject2_IMU_Shoe_Y-Acc,49.494779999999984,18735.900940000003
PAMAP,PAMAP_Outdoor_Subject2_IMU_Shoe_Z-Acc,47.38286,18758.459819999996
PAMAP,PAMAP_Outdoor_Subject2_IMU_Shoe_X-Gyro,48.29053,18543.846700000002
PAMAP,PAMAP_Outdoor_Subject2_IMU_Shoe_Y-Gyro,49.69429,18593.924220000004
PAMAP,PAMAP_Outdoor_Subject2_IMU_Shoe_Z-Gyro,47.06430999999999,18710.763939999997
PAMAP,PAMAP_Outdoor_Subject2_IMU_Shoe_X-Mag,49.545620000000014,18567.080990000002
PAMAP,PAMAP_Outdoor_Subject2_IMU_Shoe_Y-Mag,48.41856,18851.56105
PAMAP,PAMAP_Outdoor_Subject2_IMU_Shoe_Z-Mag,49.453900000000004,18765.37889
PAMAP,PAMAP_Outdoor_Subject3_IMU_Shoe_X-Acc,80.57858999999998,14660.474650000002
PAMAP,PAMAP_Outdoor_Subject3_IMU_Shoe_Y-Acc,82.69185999999999,14744.062710000004
PAMAP,PAMAP_Outdoor_Subject3_IMU_Shoe_Z-Acc,83.68374,15744.113000000001
PAMAP,PAMAP_Outdoor_Subject3_IMU_Shoe_X-Gyro,65.86408999999999,13562.427020000001
PAMAP,PAMAP_Outdoor_Subject3_IMU_Shoe_Y-Gyro,71.2961,12635.572230000003
PAMAP,PAMAP_Outdoor_Subject3_IMU_Shoe_Z-Gyro,73.20643,15208.35866
PAMAP,PAMAP_Outdoor_Subject3_IMU_Shoe_X-Mag,36.75139,6886.171369999999
PAMAP,PAMAP_Outdoor_Subject3_IMU_Shoe_Y-Mag,59.07377999999999,12119.35277
PAMAP,PAMAP_Outdoor_Subject3_IMU_Shoe_Z-Mag,40.34834999999999,6859.143829999999
PAMAP,PAMAP_Outdoor_Subject4_IMU_Shoe_X-Acc,33.50719,6716.864030000001
PAMAP,PAMAP_Outdoor_Subject4_IMU_Shoe_Y-Acc,33.80008,6779.34334
PAMAP,PAMAP_Outdoor_Subject4_IMU_Shoe_Z-Acc,36.920019999999994,7286.457890000001
PAMAP,PAMAP_Outdoor_Subject4_IMU_Shoe_X-Gyro,31.506390000000003,5977.101189999999
PAMAP,PAMAP_Outdoor_Subject4_IMU_Shoe_Y-Gyro,32.38586,6423.63899
PAMAP,PAMAP_Outdoor_Subject4_IMU_Shoe_Z-Gyro,31.642600000000005,6499.53774
PAMAP,PAMAP_Outdoor_Subject4_IMU_Shoe_X-Mag,15.010419999999998,1651.4588299999998
PAMAP,PAMAP_Outdoor_Subject4_IMU_Shoe_Y-Mag,21.019769999999998,5546.940189999999
PAMAP,PAMAP_Outdoor_Subject4_IMU_Shoe_Z-Mag,16.66873,3797.28354
PAMAP,PAMAP_Outdoor_Subject5_IMU_Shoe_X-Acc,68.43258999999999,13075.635779999999
PAMAP,PAMAP_Outdoor_Subject5_IMU_Shoe_Y-Acc,56.715489999999996,12646.442509999999
PAMAP,PAMAP_Outdoor_Subject5_IMU_Shoe_Z-Acc,55.88713999999999,11037.600120000001
PAMAP,PAMAP_Outdoor_Subject5_IMU_Shoe_X-Gyro,56.11363,10976.31453
PAMAP,PAMAP_Outdoor_Subject5_IMU_Shoe_Y-Gyro,52.838969999999996,10582.752930000002
PAMAP,PAMAP_Outdoor_Subject5_IMU_Shoe_Z-Gyro,55.237390000000005,11649.93266
PAMAP,PAMAP_Outdoor_Subject5_IMU_Shoe_X-Mag,28.36911,4489.00515
PAMAP,PAMAP_Outdoor_Subject5_IMU_Shoe_Y-Mag,39.54433,7719.9977499999995
PAMAP,PAMAP_Outdoor_Subject5_IMU_Shoe_Z-Mag,24.35387,4296.47401
PAMAP,PAMAP_Outdoor_Subject6_IMU_Shoe_X-Acc,73.73768000000001,14489.739129999994
PAMAP,PAMAP_Outdoor_Subject6_IMU_Shoe_Y-Acc,76.79637000000001,14763.952619999998
PAMAP,PAMAP_Outdoor_Subject6_IMU_Shoe_Z-Acc,65.92054,13441.51706
PAMAP,PAMAP_Outdoor_Subject6_IMU_Shoe_X-Gyro,63.40449000000001,12726.35719
PAMAP,PAMAP_Outdoor_Subject6_IMU_Shoe_Y-Gyro,70.26287,13671.153929999999
PAMAP,PAMAP_Outdoor_Subject6_IMU_Shoe_Z-Gyro,76.69793,15987.024059999996
PAMAP,PAMAP_Outdoor_Subject6_IMU_Shoe_X-Mag,31.82732,6065.1318
PAMAP,PAMAP_Outdoor_Subject6_IMU_Shoe_Y-Mag,44.933389999999996,8709.010220000002
PAMAP,PAMAP_Outdoor_Subject6_IMU_Shoe_Z-Mag,31.133029999999998,5553.140310000001
PAMAP,PAMAP_Outdoor_Subject7_IMU_Shoe_X-Acc,14.63139,3184.75963
PAMAP,PAMAP_Outdoor_Subject7_IMU_Shoe_Y-Acc,16.66665,3480.3105800000003
PAMAP,PAMAP_Outdoor_Subject7_IMU_Shoe_Z-Acc,16.54497,3412.9693100000004
PAMAP,PAMAP_Outdoor_Subject7_IMU_Shoe_X-Gyro,10.77036,2167.40528
PAMAP,PAMAP_Outdoor_Subject7_IMU_Shoe_Y-Gyro,14.20994,2249.75497
PAMAP,PAMAP_Outdoor_Subject7_IMU_Shoe_Z-Gyro,11.92696,2841.21023
PAMAP,PAMAP_Outdoor_Subject7_IMU_Shoe_X-Mag,11.83237,2404.59294
PAMAP,PAMAP_Outdoor_Subject7_IMU_Shoe_Y-Mag,11.029770000000001,2351.54943
PAMAP,PAMAP_Outdoor_Subject7_IMU_Shoe_Z-Mag,10.61951,2216.20608
PAMAP,PAMAP_Outdoor_Subject8_IMU_Shoe_X-Acc,73.83897999999998,14018.709089999998
PAMAP,PAMAP_Outdoor_Subject8_IMU_Shoe_Y-Acc,66.06898000000001,12876.603629999998
PAMAP,PAMAP_Outdoor_Subject8_IMU_Shoe_Z-Acc,65.64565,12797.163579999999
PAMAP,PAMAP_Outdoor_Subject8_IMU_Shoe_X-Gyro,60.41225999999999,11436.256599999999
PAMAP,PAMAP_Outdoor_Subject8_IMU_Shoe_Y-Gyro,60.0858,11906.966240000002
PAMAP,PAMAP_Outdoor_Subject8_IMU_Shoe_Z-Gyro,72.04381,14218.198320000001
PAMAP,PAMAP_Outdoor_Subject8_IMU_Shoe_X-Mag,26.769660000000002,4728.33784
PAMAP,PAMAP_Outdoor_Subject8_IMU_Shoe_Y-Mag,29.698100000000004,6732.863410000001
PAMAP,PAMAP_Outdoor_Subject8_IMU_Shoe_Z-Mag,26.249930000000003,4580.72224
mHealth,mHealth_Subject1_Ankle_X-Acc,5.573950000000001,785.0560200000001
mHealth,mHealth_Subject1_Ankle_Y-Acc,2.96537,270.25546
mHealth,mHealth_Subject1_Ankle_Z-Acc,3.1435500000000003,321.27231
mHealth,mHealth_Subject1_Ankle_X-Gyro,4.81908,658.5525799999999
mHealth,mHealth_Subject1_Ankle_Y-Gyro,3.82226,353.05589999999995
mHealth,mHealth_Subject1_Ankle_Z-Gyro,2.90552,288.62954
mHealth,mHealth_Subject1_Ankle_X-Mag,1.9682199999999999,164.62156
mHealth,mHealth_Subject1_Ankle_Y-Mag,3.8144399999999994,416.31498
mHealth,mHealth_Subject1_Ankle_Z-Mag,3.9106599999999996,463.6679
mHealth,mHealth_Subject2_Ankle_X-Acc,6.30585,1236.7383399999999
mHealth,mHealth_Subject2_Ankle_Y-Acc,5.406270000000001,647.4461200000001
mHealth,mHealth_Subject2_Ankle_Z-Acc,6.40311,945.20393
mHealth,mHealth_Subject2_Ankle_X-Gyro,7.504440000000001,1100.85576
mHealth,mHealth_Subject2_Ankle_Y-Gyro,4.66385,779.7373499999999
mHealth,mHealth_Subject2_Ankle_Z-Gyro,6.250260000000001,1047.53842
mHealth,mHealth_Subject2_Ankle_X-Mag,3.12411,243.92493
mHealth,mHealth_Subject2_Ankle_Y-Mag,6.43971,915.08357
mHealth,mHealth_Subject2_Ankle_Z-Mag,5.83936,735.66306
mHealth,mHealth_Subject3_Ankle_X-Acc,3.89436,489.3218
mHealth,mHealth_Subject3_Ankle_Y-Acc,4.593070000000001,660.62535
mHealth,mHealth_Subject3_Ankle_Z-Acc,3.3588,392.35166
mHealth,mHealth_Subject3_Ankle_X-Gyro,3.65067,472.26770000000005
mHealth,mHealth_Subject3_Ankle_Y-Gyro,3.5953,319.13899000000004
mHealth,mHealth_Subject3_Ankle_Z-Gyro,3.1727700000000003,323.05134999999996
mHealth,mHealth_Subject3_Ankle_X-Mag,2.58332,198.52261000000001
mHealth,mHealth_Subject3_Ankle_Y-Mag,2.49785,681.78613
mHealth,mHealth_Subject3_Ankle_Z-Mag,2.60997,418.86015
mHealth,mHealth_Subject4_Ankle_X-Acc,8.273620000000001,1389.9541800000002
mHealth,mHealth_Subject4_Ankle_Y-Acc,5.154700000000001,713.5612900000001
mHealth,mHealth_Subject4_Ankle_Z-Acc,5.76894,785.31299
mHealth,mHealth_Subject4_Ankle_X-Gyro,4.494300000000001,532.2585199999999
mHealth,mHealth_Subject4_Ankle_Y-Gyro,4.9139,700.59452
mHealth,mHealth_Subject4_Ankle_Z-Gyro,4.76624,631.19416
mHealth,mHealth_Subject4_Ankle_X-Mag,2.89616,275.58616
mHealth,mHealth_Subject4_Ankle_Y-Mag,6.76706,1070.77046
mHealth,mHealth_Subject4_Ankle_Z-Mag,3.14828,246.50021999999998
mHealth,mHealth_Subject5_Ankle_X-Acc,3.0137799999999997,289.77693999999997
mHealth,mHealth_Subject5_Ankle_Y-Acc,3.1260199999999996,274.85523
mHealth,mHealth_Subject5_Ankle_Z-Acc,4.36595,480.16234999999995
mHealth,mHealth_Subject5_Ankle_X-Gyro,2.6302000000000003,287.64664999999997
mHealth,mHealth_Subject5_Ankle_Y-Gyro,2.56217,327.16224
mHealth,mHealth_Subject5_Ankle_Z-Gyro,3.04821,289.68127999999996
mHealth,mHealth_Subject5_Ankle_X-Mag,1.65497,80.83902
mHealth,mHealth_Subject5_Ankle_Y-Mag,2.17096,235.63895
mHealth,mHealth_Subject5_Ankle_Z-Mag,1.66837,79.74853999999999
mHealth,mHealth_Subject6_Ankle_X-Acc,1.46926,138.30881
mHealth,mHealth_Subject6_Ankle_Y-Acc,1.57736,253.34225999999998
mHealth,mHealth_Subject6_Ankle_Z-Acc,1.8678000000000001,180.83459
mHealth,mHealth_Subject6_Ankle_X-Gyro,1.9935399999999999,174.2159
mHealth,mHealth_Subject6_Ankle_Y-Gyro,2.1066499999999997,197.81426000000002
mHealth,mHealth_Subject6_Ankle_Z-Gyro,1.99513,215.12431999999995
mHealth,mHealth_Subject6_Ankle_X-Mag,1.01157,53.36985
mHealth,mHealth_Subject6_Ankle_Y-Mag,2.30384,286.24426
mHealth,mHealth_Subject6_Ankle_Z-Mag,1.5893700000000002,155.19439
mHealth,mHealth_Subject7_Ankle_X-Acc,4.7552,640.1768
mHealth,mHealth_Subject7_Ankle_Y-Acc,4.31698,543.9280000000001
mHealth,mHealth_Subject7_Ankle_Z-Acc,4.58016,583.7870800000001
mHealth,mHealth_Subject7_Ankle_X-Gyro,6.19903,957.4101999999999
mHealth,mHealth_Subject7_Ankle_Y-Gyro,3.65623,482.32730000000004
mHealth,mHealth_Subject7_Ankle_Z-Gyro,3.69191,511.74769
mHealth,mHealth_Subject7_Ankle_X-Mag,2.9836300000000002,230.13074000000003
mHealth,mHealth_Subject7_Ankle_Y-Mag,4.890510000000001,664.9658199999999
mHealth,mHealth_Subject7_Ankle_Z-Mag,4.10744,544.91082
mHealth,mHealth_Subject8_Ankle_X-Acc,1.9410500000000002,225.74116
mHealth,mHealth_Subject8_Ankle_Y-Acc,2.61048,248.00105000000002
mHealth,mHealth_Subject8_Ankle_Z-Acc,1.9724300000000001,196.15562
mHealth,mHealth_Subject8_Ankle_X-Gyro,3.8830099999999996,604.0222899999999
mHealth,mHealth_Subject8_Ankle_Y-Gyro,3.22514,472.44629000000003
mHealth,mHealth_Subject8_Ankle_Z-Gyro,2.05159,205.49218000000002
mHealth,mHealth_Subject8_Ankle_X-Mag,1.04381,65.34712999999999
mHealth,mHealth_Subject8_Ankle_Y-Mag,2.05021,205.62407000000002
mHealth,mHealth_Subject8_Ankle_Z-Mag,2.0871200000000005,177.83595
mHealth,mHealth_Subject9_Ankle_X-Acc,2.59661,528.00594
mHealth,mHealth_Subject9_Ankle_Y-Acc,2.02075,175.52903999999998
mHealth,mHealth_Subject9_Ankle_Z-Acc,2.75734,265.20172
mHealth,mHealth_Subject9_Ankle_X-Gyro,2.23842,248.87092999999996
mHealth,mHealth_Subject9_Ankle_Y-Gyro,2.06801,186.32405000000003
mHealth,mHealth_Subject9_Ankle_Z-Gyro,2.27647,165.80129000000002
mHealth,mHealth_Subject9_Ankle_X-Mag,1.66415,92.15678
mHealth,mHealth_Subject9_Ankle_Y-Mag,1.92673,158.58015999999998
mHealth,mHealth_Subject9_Ankle_Z-Mag,2.3133,169.23195
mHealth,mHealth_Subject10_Ankle_X-Acc,5.86508,832.52757
mHealth,mHealth_Subject10_Ankle_Y-Acc,4.0283299999999995,531.53568
mHealth,mHealth_Subject10_Ankle_Z-Acc,4.134550000000001,529.87972
mHealth,mHealth_Subject10_Ankle_X-Gyro,3.7620299999999998,580.34822
mHealth,mHealth_Subject10_Ankle_Y-Gyro,3.85722,532.13141
mHealth,mHealth_Subject10_Ankle_Z-Gyro,3.5990399999999996,520.6383400000001
mHealth,mHealth_Subject10_Ankle_X-Mag,1.8887199999999997,163.11489
mHealth,mHealth_Subject10_Ankle_Y-Mag,2.44815,195.24779
mHealth,mHealth_Subject10_Ankle_Z-Mag,2.40713,183.7923
WESAD,WESAD_Subject2_chest_X-ACC,1119.4645899999996,276925.4960100001
WESAD,WESAD_Subject2_chest_Y-ACC,1059.3947699999997,261110.8022400001
WESAD,WESAD_Subject2_chest_Z-ACC,1101.1028700000002,271225.50139000005
WESAD,WESAD_Subject2_chest_ECG,1146.40685,263134.67914
WESAD,WESAD_Subject2_chest_EMG,1271.98929,290811.52891000005
WESAD,WESAD_Subject2_chest_EDA,1146.787650000001,242136.2449499999
WESAD,WESAD_Subject2_chest_Temp,1259.751369999999,291337.33126999997
WESAD,WESAD_Subject2_chest_Resp,902.9705100000003,238326.0782799999
WESAD,WESAD_Subject3_chest_X-ACC,1066.6706499999996,259134.30015999984
WESAD,WESAD_Subject3_chest_Y-ACC,1011.3002899999998,251931.35541999983
WESAD,WESAD_Subject3_chest_Z-ACC,1020.8528999999996,247707.98474999995
WESAD,WESAD_Subject3_chest_ECG,1125.7704899999997,265162.41202999995
WESAD,WESAD_Subject3_chest_EMG,1181.5603499999995,267566.61755000014
WESAD,WESAD_Subject3_chest_EDA,1067.4254699999995,253046.98998
WESAD,WESAD_Subject3_chest_Temp,1196.50695,272496.8860100002
WESAD,WESAD_Subject3_chest_Resp,534.2299899999997,178577.12135000006
WESAD,WESAD_Subject4_chest_X-ACC,1071.1445899999999,274265.28159
WESAD,WESAD_Subject4_chest_Y-ACC,1028.1318399999998,262201.67153000017
WESAD,WESAD_Subject4_chest_Z-ACC,1074.9123900000004,274476.86713000014
WESAD,WESAD_Subject4_chest_ECG,1167.0721099999998,275205.54783999996
WESAD,WESAD_Subject4_chest_EMG,1265.0405799999996,288254.65186000016
WESAD,WESAD_Subject4_chest_EDA,1281.21133,281120.5264700001
WESAD,WESAD_Subject4_chest_Temp,1263.024290000001,284885.1698500001
WESAD,WESAD_Subject4_chest_Resp,776.3565100000005,236039.0904300002
WESAD,WESAD_Subject5_chest_X-ACC,1132.90664,288100.3564600002
WESAD,WESAD_Subject5_chest_Y-ACC,1098.9826100000002,275428.15994000004
WESAD,WESAD_Subject5_chest_Z-ACC,1169.8782299999996,282508.3238300002
WESAD,WESAD_Subject5_chest_ECG,1134.3938900000003,259499.99747
WESAD,WESAD_Subject5_chest_EMG,1276.261539999999,288768.76041999983
WESAD,WESAD_Subject5_chest_EDA,1098.4022599999994,253926.52953000012
WESAD,WESAD_Subject5_chest_Temp,1347.8512400000002,299760.2119000003
WESAD,WESAD_Subject5_chest_Resp,443.48173999999995,189973.9687100001
MIT-BIH-VE,MIT-BIH-VE_ECG_Subject418,298.18836000000005,65432.77346999999
MIT-BIH-VE,MIT-BIH-VE_ECG_Subject418,305.63481,65416.77960999998
MIT-BIH-VE,MIT-BIH-VE_ECG_Subject419,274.37723,58432.34740999999
MIT-BIH-VE,MIT-BIH-VE_ECG_Subject419,279.85163,58542.71977
MIT-BIH-VE,MIT-BIH-VE_ECG_Subject420,246.53849000000002,54707.02393000001
MIT-BIH-VE,MIT-BIH-VE_ECG_Subject420,247.1027999999999,54801.48365999999
MIT-BIH-VE,MIT-BIH-VE_ECG_Subject421,225.24676999999994,46211.09685000001
MIT-BIH-VE,MIT-BIH-VE_ECG_Subject421,226.18855,46359.16133000001
MIT-BIH-VE,MIT-BIH-VE_ECG_Subject422,278.19392999999997,61043.06121999999
MIT-BIH-VE,MIT-BIH-VE_ECG_Subject422,279.58609000000007,61044.66465
MIT-BIH-VE,MIT-BIH-VE_ECG_Subject423,293.75529000000006,64543.39854
MIT-BIH-VE,MIT-BIH-VE_ECG_Subject423,293.48219000000006,64143.00444
MIT-BIH-VE,MIT-BIH-VE_ECG_Subject424,263.14595999999995,56488.49359
MIT-BIH-VE,MIT-BIH-VE_ECG_Subject424,257.29791,56178.83918999999
MIT-BIH-VE,MIT-BIH-VE_ECG_Subject425,268.0458,61469.51506999999
MIT-BIH-VE,MIT-BIH-VE_ECG_Subject425,269.76231000000007,61351.768280000004
MIT-BIH-VE,MIT-BIH-VE_ECG_Subject426,259.6143800000001,57585.44106999999
MIT-BIH-VE,MIT-BIH-VE_ECG_Subject426,257.37323,57425.18418
MIT-BIH-VE,MIT-BIH-VE_ECG_Subject427,294.6863100000001,68117.41776999999
MIT-BIH-VE,MIT-BIH-VE_ECG_Subject427,295.1505400000001,67950.83015000001
MIT-BIH-VE,MIT-BIH-VE_ECG_Subject428,249.30490000000003,53006.82340000001
MIT-BIH-VE,MIT-BIH-VE_ECG_Subject428,247.41111999999998,53013.796869999984
MIT-BIH-VE,MIT-BIH-VE_ECG_Subject429,273.04428,59024.684249999984
MIT-BIH-VE,MIT-BIH-VE_ECG_Subject429,272.09772999999996,58949.19873999999
MIT-BIH-VE,MIT-BIH-VE_ECG_Subject430,208.91726999999997,42764.863549999995
MIT-BIH-VE,MIT-BIH-VE_ECG_Subject430,207.98990999999992,42835.43716999998
MIT-BIH-VE,MIT-BIH-VE_ECG_Subject602,243.42969000000008,48419.70692999999
MIT-BIH-VE,MIT-BIH-VE_ECG_Subject602,246.67437,48470.6302
MIT-BIH-VE,MIT-BIH-VE_ECG_Subject605,288.82433000000003,66909.68405000001
MIT-BIH-VE,MIT-BIH-VE_ECG_Subject605,285.8017,66932.9623
MIT-BIH-VE,MIT-BIH-VE_ECG_Subject607,254.35052000000002,55938.17250999999
MIT-BIH-VE,MIT-BIH-VE_ECG_Subject607,253.93501,56146.4955
MIT-BIH-VE,MIT-BIH-VE_ECG_Subject609,294.15366,65269.37768999997
MIT-BIH-VE,MIT-BIH-VE_ECG_Subject609,295.3962399999999,65092.32525000001
MIT-BIH-VE,MIT-BIH-VE_ECG_Subject610,263.83785,57375.738909999985
MIT-BIH-VE,MIT-BIH-VE_ECG_Subject610,267.80159999999995,57419.68886999998
MIT-BIH-VE,MIT-BIH-VE_ECG_Subject611,303.56372999999996,70836.92210999998
MIT-BIH-VE,MIT-BIH-VE_ECG_Subject611,305.6806899999999,71041.94421999999
MIT-BIH-VE,MIT-BIH-VE_ECG_Subject612,286.74586000000005,67006.15675
MIT-BIH-VE,MIT-BIH-VE_ECG_Subject612,285.0344699999999,67255.18586000001
MIT-BIH-VE,MIT-BIH-VE_ECG_Subject614,251.72763000000003,54955.53031999999
MIT-BIH-VE,MIT-BIH-VE_ECG_Subject614,254.29377999999997,55021.23471
MIT-BIH-VE,MIT-BIH-VE_ECG_Subject615,290.4607600000001,65601.46068000002
MIT-BIH-VE,MIT-BIH-VE_ECG_Subject615,288.9999399999999,65640.75745
MIT-BIH-Arr,MIT-BIH-Arr_MLII_Subject100,402.0116600000001,88293.00216000003
MIT-BIH-Arr,MIT-BIH-Arr_V5_Subject100,404.4544599999998,87785.12547999999
MIT-BIH-Arr,MIT-BIH-Arr_MLII_Subject101,395.31631999999985,87480.22203999996
MIT-BIH-Arr,MIT-BIH-Arr_V1_Subject101,340.60308999999995,71907.72664
MIT-BIH-Arr,MIT-BIH-Arr_V5_Subject102,384.1476299999999,87172.2243
MIT-BIH-Arr,MIT-BIH-Arr_V2_Subject102,409.9121799999998,88267.60172
MIT-BIH-Arr,MIT-BIH-Arr_MLII_Subject103,395.6422400000001,84225.75600999998
MIT-BIH-Arr,MIT-BIH-Arr_V2_Subject103,383.8388699999999,84166.28379999999
MIT-BIH-Arr,MIT-BIH-Arr_V5_Subject104,329.15189,73518.96431
MIT-BIH-Arr,MIT-BIH-Arr_V2_Subject104,353.08551000000006,77603.15101000002
MIT-BIH-Arr,MIT-BIH-Arr_MLII_Subject105,364.8729000000001,78778.52222
MIT-BIH-Arr,MIT-BIH-Arr_V1_Subject105,349.34803999999986,75236.59692000001
MIT-BIH-Arr,MIT-BIH-Arr_MLII_Subject106,367.3292400000001,75027.68617000003
MIT-BIH-Arr,MIT-BIH-Arr_V1_Subject106,376.9877699999999,79893.43658000001
MIT-BIH-Arr,MIT-BIH-Arr_MLII_Subject107,404.77617000000004,90800.66907
MIT-BIH-Arr,MIT-BIH-Arr_V1_Subject107,388.1047000000001,87099.85859
MIT-BIH-Arr,MIT-BIH-Arr_MLII_Subject108,366.35072999999994,80659.16455000002
MIT-BIH-Arr,MIT-BIH-Arr_V1_Subject108,367.7997699999999,84367.35003
MIT-BIH-Arr,MIT-BIH-Arr_MLII_Subject109,404.3879600000001,81112.82396999997
MIT-BIH-Arr,MIT-BIH-Arr_V1_Subject109,390.6744100000001,82291.23987000002
MIT-BIH-Arr,MIT-BIH-Arr_MLII_Subject111,398.1714500000002,83860.56364999997
MIT-BIH-Arr,MIT-BIH-Arr_V1_Subject111,393.31528999999995,87146.0054
MIT-BIH-Arr,MIT-BIH-Arr_MLII_Subject112,397.1545699999997,87020.91376000005
MIT-BIH-Arr,MIT-BIH-Arr_V1_Subject112,401.53018000000003,87904.18340000001
MIT-BIH-Arr,MIT-BIH-Arr_MLII_Subject113,405.7582200000001,88181.56035
MIT-BIH-Arr,MIT-BIH-Arr_V1_Subject113,384.60397,83368.87366
MIT-BIH-Arr,MIT-BIH-Arr_V5_Subject114,394.32742,85144.16343000002
MIT-BIH-Arr,MIT-BIH-Arr_MLII_Subject114,377.70695000000006,83713.98624000004
MIT-BIH-Arr,MIT-BIH-Arr_MLII_Subject115,389.6112600000002,81639.44058000005
MIT-BIH-Arr,MIT-BIH-Arr_V1_Subject115,397.97953999999993,85357.26686999999
MIT-BIH-Arr,MIT-BIH-Arr_MLII_Subject116,391.54093,85418.88999000003
MIT-BIH-Arr,MIT-BIH-Arr_V1_Subject116,380.17185000000006,83700.14315000002
MIT-BIH-Arr,MIT-BIH-Arr_MLII_Subject117,402.41427999999996,87815.03075999995
MIT-BIH-Arr,MIT-BIH-Arr_V2_Subject117,406.28389,87418.93254
MIT-BIH-Arr,MIT-BIH-Arr_MLII_Subject118,394.37690999999995,86765.15441000003
MIT-BIH-Arr,MIT-BIH-Arr_V1_Subject118,382.92309000000006,83300.33977000002
MIT-BIH-Arr,MIT-BIH-Arr_MLII_Subject119,378.32570999999996,81278.26883000002
MIT-BIH-Arr,MIT-BIH-Arr_V1_Subject119,393.2522100000001,83625.58197999999
MIT-BIH-Arr,MIT-BIH-Arr_MLII_Subject121,384.5033799999999,85104.06976000003
MIT-BIH-Arr,MIT-BIH-Arr_V1_Subject121,386.3575999999999,84198.92140999998
MIT-BIH-Arr,MIT-BIH-Arr_MLII_Subject122,405.7098899999998,88334.01485999998
MIT-BIH-Arr,MIT-BIH-Arr_V1_Subject122,425.1239100000001,90649.09605999998
MIT-BIH-Arr,MIT-BIH-Arr_MLII_Subject123,401.2009900000001,87792.41661
MIT-BIH-Arr,MIT-BIH-Arr_V5_Subject123,394.28799000000004,87619.05282999997
MIT-BIH-Arr,MIT-BIH-Arr_MLII_Subject124,381.7419,84479.70993999999
MIT-BIH-Arr,MIT-BIH-Arr_V4_Subject124,391.1134399999999,84822.08939000001
MIT-BIH-Arr,MIT-BIH-Arr_MLII_Subject200,349.0196800000003,79847.76723999994
MIT-BIH-Arr,MIT-BIH-Arr_V1_Subject200,359.18057000000005,79394.48020999995
MIT-BIH-Arr,MIT-BIH-Arr_MLII_Subject201,386.52335,86309.48017999997
MIT-BIH-Arr,MIT-BIH-Arr_V1_Subject201,383.1640200000001,85330.22077000001
MIT-BIH-Arr,MIT-BIH-Arr_MLII_Subject202,380.65334999999993,81243.00664999998
MIT-BIH-Arr,MIT-BIH-Arr_V1_Subject202,365.70727999999997,80391.54950000001
MIT-BIH-Arr,MIT-BIH-Arr_MLII_Subject203,378.79366999999996,84527.14908999996
MIT-BIH-Arr,MIT-BIH-Arr_V1_Subject203,386.46266,90221.04861000003
MIT-BIH-Arr,MIT-BIH-Arr_MLII_Subject205,393.0935,86237.26271
MIT-BIH-Arr,MIT-BIH-Arr_V1_Subject205,394.3074199999999,87300.80299000003
MIT-BIH-Arr,MIT-BIH-Arr_MLII_Subject207,328.9871800000001,70341.84811000004
MIT-BIH-Arr,MIT-BIH-Arr_V1_Subject207,345.7196400000001,73988.96748000002
MIT-BIH-Arr,MIT-BIH-Arr_MLII_Subject208,382.96331000000004,84964.35947000001
MIT-BIH-Arr,MIT-BIH-Arr_V1_Subject208,379.12030999999996,82767.43933
MIT-BIH-Arr,MIT-BIH-Arr_MLII_Subject209,357.64981000000006,80487.23134
MIT-BIH-Arr,MIT-BIH-Arr_V1_Subject209,370.7742799999999,84564.99551000005
MIT-BIH-Arr,MIT-BIH-Arr_MLII_Subject210,384.19224999999994,85706.67458
MIT-BIH-Arr,MIT-BIH-Arr_V1_Subject210,380.5230200000001,86928.99432999999
MIT-BIH-Arr,MIT-BIH-Arr_MLII_Subject212,358.10034999999993,77347.63673
MIT-BIH-Arr,MIT-BIH-Arr_V1_Subject212,344.9652299999999,72037.41043999996
MIT-BIH-Arr,MIT-BIH-Arr_MLII_Subject213,412.25700000000006,90722.68257000002
MIT-BIH-Arr,MIT-BIH-Arr_V1_Subject213,405.14421999999996,89086.7562
MIT-BIH-Arr,MIT-BIH-Arr_MLII_Subject214,367.0044500000001,77475.44339000001
MIT-BIH-Arr,MIT-BIH-Arr_V1_Subject214,379.09886,81892.65219000002
MIT-BIH-Arr,MIT-BIH-Arr_MLII_Subject215,370.72179000000006,84432.37447000002
MIT-BIH-Arr,MIT-BIH-Arr_V1_Subject215,372.25033,84409.09360000002
MIT-BIH-Arr,MIT-BIH-Arr_MLII_Subject217,341.19201000000015,75546.31375
MIT-BIH-Arr,MIT-BIH-Arr_V1_Subject217,373.1279299999999,82542.29024
MIT-BIH-Arr,MIT-BIH-Arr_MLII_Subject219,373.0061299999999,81325.42682000002
MIT-BIH-Arr,MIT-BIH-Arr_V1_Subject219,391.6126399999999,86261.82969999997
MIT-BIH-Arr,MIT-BIH-Arr_MLII_Subject220,399.81997,87589.81869999999
MIT-BIH-Arr,MIT-BIH-Arr_V1_Subject220,403.7812,88576.43617999999
MIT-BIH-Arr,MIT-BIH-Arr_MLII_Subject221,391.9580600000001,88281.94244999999
MIT-BIH-Arr,MIT-BIH-Arr_V1_Subject221,377.1893600000001,85754.49059999999
MIT-BIH-Arr,MIT-BIH-Arr_MLII_Subject222,325.69302000000005,70002.22654999999
MIT-BIH-Arr,MIT-BIH-Arr_V1_Subject222,325.48639000000003,68512.36089999999
MIT-BIH-Arr,MIT-BIH-Arr_MLII_Subject223,366.5423899999999,78823.60306
MIT-BIH-Arr,MIT-BIH-Arr_V1_Subject223,356.13978999999983,75492.45392999999
MIT-BIH-Arr,MIT-BIH-Arr_MLII_Subject228,355.8896299999998,79674.56218
MIT-BIH-Arr,MIT-BIH-Arr_V1_Subject228,374.99997,80412.96474999998
MIT-BIH-Arr,MIT-BIH-Arr_MLII_Subject230,316.93093000000005,66332.90156
MIT-BIH-Arr,MIT-BIH-Arr_V1_Subject230,308.95736000000005,62267.328880000015
MIT-BIH-Arr,MIT-BIH-Arr_MLII_Subject231,370.87041999999997,81918.6664
MIT-BIH-Arr,MIT-BIH-Arr_V1_Subject231,379.94133000000005,83447.23315000001
MIT-BIH-Arr,MIT-BIH-Arr_MLII_Subject232,371.90103,85758.72932
MIT-BIH-Arr,MIT-BIH-Arr_V1_Subject232,357.8989599999999,82061.28266000003
MIT-BIH-Arr,MIT-BIH-Arr_MLII_Subject233,382.10487000000006,83948.73123999998
MIT-BIH-Arr,MIT-BIH-Arr_V1_Subject233,379.39572000000004,85342.56280000006
MIT-BIH-Arr,MIT-BIH-Arr_MLII_Subject234,377.72080000000017,80190.97597000003
MIT-BIH-Arr,MIT-BIH-Arr_V1_Subject234,390.5056499999999,86579.47503999998
SleepDB,SleepDB_SubjectST7011J0-PSG_EEG_Fpz-Cz,1415.44641,
SleepDB,SleepDB_SubjectST7011J0-PSG_EEG_Pz-Oz,1392.9737100000007,
SleepDB,SleepDB_SubjectST7011J0-PSG_EOG_horizontal,1451.1592099999998,
SleepDB,SleepDB_SubjectST7011J0-PSG_EMG_submental,1493.7320100000004,
SleepDB,SleepDB_SubjectST7022J0-PSG_EEG_Fpz-Cz,1194.063089999999,
SleepDB,SleepDB_SubjectST7022J0-PSG_EEG_Pz-Oz,1238.11478,
SleepDB,SleepDB_SubjectST7022J0-PSG_EOG_horizontal,1184.8350099999986,
SleepDB,SleepDB_SubjectST7022J0-PSG_EMG_submental,1188.7707399999993,
SleepDB,SleepDB_SubjectST7041J0-PSG_EEG_Fpz-Cz,1246.9329500000006,
SleepDB,SleepDB_SubjectST7041J0-PSG_EEG_Pz-Oz,1217.5913300000002,
SleepDB,SleepDB_SubjectST7041J0-PSG_EOG_horizontal,1234.8982999999996,
SleepDB,SleepDB_SubjectST7041J0-PSG_EMG_submental,1211.02971,
SleepDB,SleepDB_SubjectST7052J0-PSG_EEG_Fpz-Cz,1295.8827199999998,
SleepDB,SleepDB_SubjectST7052J0-PSG_EEG_Pz-Oz,1314.1705899999993,
SleepDB,SleepDB_SubjectST7052J0-PSG_EOG_horizontal,1255.4349699999993,
SleepDB,SleepDB_SubjectST7052J0-PSG_EMG_submental,1306.1213699999994,
SleepDB,SleepDB_SubjectST7061J0-PSG_EEG_Fpz-Cz,1336.5574399999998,
SleepDB,SleepDB_SubjectST7061J0-PSG_EEG_Pz-Oz,1354.3063499999998,
SleepDB,SleepDB_SubjectST7061J0-PSG_EOG_horizontal,1345.7054699999992,
SleepDB,SleepDB_SubjectST7061J0-PSG_EMG_submental,1294.08213,
SleepDB,SleepDB_SubjectST7071J0-PSG_EEG_Fpz-Cz,1081.1215400000003,
SleepDB,SleepDB_SubjectST7071J0-PSG_EEG_Pz-Oz,1076.85488,
SleepDB,SleepDB_SubjectST7071J0-PSG_EOG_horizontal,1074.8819999999994,
SleepDB,SleepDB_SubjectST7071J0-PSG_EMG_submental,1166.6580000000006,
SleepDB,SleepDB_SubjectST7082J0-PSG_EEG_Fpz-Cz,1124.965060000001,
SleepDB,SleepDB_SubjectST7082J0-PSG_EEG_Pz-Oz,1153.6546400000007,
SleepDB,SleepDB_SubjectST7082J0-PSG_EOG_horizontal,1119.9520999999997,
SleepDB,SleepDB_SubjectST7082J0-PSG_EMG_submental,1096.53773,
SleepDB,SleepDB_SubjectST7092J0-PSG_EEG_Fpz-Cz,1132.8088300000002,
SleepDB,SleepDB_SubjectST7092J0-PSG_EEG_Pz-Oz,1159.6539900000007,
SleepDB,SleepDB_SubjectST7092J0-PSG_EOG_horizontal,1146.1942700000004,
SleepDB,SleepDB_SubjectST7092J0-PSG_EMG_submental,1239.75504,
SleepDB,SleepDB_SubjectST7101J0-PSG_EEG_Fpz-Cz,1302.8758799999991,
SleepDB,SleepDB_SubjectST7101J0-PSG_EEG_Pz-Oz,1334.99479,
SleepDB,SleepDB_SubjectST7101J0-PSG_EOG_horizontal,1288.332780000001,
SleepDB,SleepDB_SubjectST7101J0-PSG_EMG_submental,1349.6413500000008,
SleepDB,SleepDB_SubjectST7112J0-PSG_EEG_Fpz-Cz,1226.9219199999998,
SleepDB,SleepDB_SubjectST7112J0-PSG_EEG_Pz-Oz,1251.6316600000002,
SleepDB,SleepDB_SubjectST7112J0-PSG_EOG_horizontal,1216.2871799999998,
SleepDB,SleepDB_SubjectST7112J0-PSG_EMG_submental,1211.7982400000014,
SleepDB,SleepDB_SubjectST7121J0-PSG_EEG_Fpz-Cz,1266.4695999999997,
SleepDB,SleepDB_SubjectST7121J0-PSG_EEG_Pz-Oz,1221.1703300000001,
SleepDB,SleepDB_SubjectST7121J0-PSG_EOG_horizontal,1218.8042799999996,
SleepDB,SleepDB_SubjectST7121J0-PSG_EMG_submental,1309.2722399999986,
SleepDB,SleepDB_SubjectST7132J0-PSG_EEG_Fpz-Cz,1080.6044399999998,
SleepDB,SleepDB_SubjectST7132J0-PSG_EEG_Pz-Oz,1064.0015199999998,
SleepDB,SleepDB_SubjectST7132J0-PSG_EOG_horizontal,1034.9525600000002,
SleepDB,SleepDB_SubjectST7132J0-PSG_EMG_submental,1063.7831400000002,
SleepDB,SleepDB_SubjectST7141J0-PSG_EEG_Fpz-Cz,1087.3799299999996,
SleepDB,SleepDB_SubjectST7141J0-PSG_EEG_Pz-Oz,1065.5910500000002,
SleepDB,SleepDB_SubjectST7141J0-PSG_EOG_horizontal,1032.4566400000003,
SleepDB,SleepDB_SubjectST7141J0-PSG_EMG_submental,1042.8426000000006,
SleepDB,SleepDB_SubjectST7151J0-PSG_EEG_Fpz-Cz,1395.6118400000012,
SleepDB,SleepDB_SubjectST7151J0-PSG_EEG_Pz-Oz,1450.9234400000003,
SleepDB,SleepDB_SubjectST7151J0-PSG_EOG_horizontal,1389.4166500000001,
SleepDB,SleepDB_SubjectST7151J0-PSG_EMG_submental,1441.97921,
SleepDB,SleepDB_SubjectST7162J0-PSG_EEG_Fpz-Cz,1228.15726,
SleepDB,SleepDB_SubjectST7162J0-PSG_EEG_Pz-Oz,1205.8265000000006,
SleepDB,SleepDB_SubjectST7162J0-PSG_EOG_horizontal,1175.2481099999995,
SleepDB,SleepDB_SubjectST7162J0-PSG_EMG_submental,1287.6199199999992,
SleepDB,SleepDB_SubjectST7171J0-PSG_EEG_Fpz-Cz,1110.8567599999997,
SleepDB,SleepDB_SubjectST7171J0-PSG_EEG_Pz-Oz,1124.1642600000002,
SleepDB,SleepDB_SubjectST7171J0-PSG_EOG_horizontal,1096.2133100000003,
SleepDB,SleepDB_SubjectST7171J0-PSG_EMG_submental,1164.596319999999,
SleepDB,SleepDB_SubjectST7182J0-PSG_EEG_Fpz-Cz,1293.739679999999,
SleepDB,SleepDB_SubjectST7182J0-PSG_EEG_Pz-Oz,1301.109039999999,
SleepDB,SleepDB_SubjectST7182J0-PSG_EOG_horizontal,1258.7219100000002,
SleepDB,SleepDB_SubjectST7182J0-PSG_EMG_submental,1237.7946400000008,
SleepDB,SleepDB_SubjectST7192J0-PSG_EEG_Fpz-Cz,1247.8777399999992,
SleepDB,SleepDB_SubjectST7192J0-PSG_EEG_Pz-Oz,1216.3496000000011,
SleepDB,SleepDB_SubjectST7192J0-PSG_EOG_horizontal,1217.3029600000007,
SleepDB,SleepDB_SubjectST7192J0-PSG_EMG_submental,1218.8156199999994,
SleepDB,SleepDB_SubjectST7201J0-PSG_EEG_Fpz-Cz,1138.8561600000005,
SleepDB,SleepDB_SubjectST7201J0-PSG_EEG_Pz-Oz,1127.7158099999992,
SleepDB,SleepDB_SubjectST7201J0-PSG_EOG_horizontal,1113.9028899999996,
SleepDB,SleepDB_SubjectST7201J0-PSG_EMG_submental,1198.9222999999993,
SleepDB,SleepDB_SubjectST7212J0-PSG_EEG_Fpz-Cz,1216.89255,
SleepDB,SleepDB_SubjectST7212J0-PSG_EEG_Pz-Oz,1209.5074099999995,
SleepDB,SleepDB_SubjectST7212J0-PSG_EOG_horizontal,1178.479,
SleepDB,SleepDB_SubjectST7212J0-PSG_EMG_submental,1208.9113800000002,
SleepDB,SleepDB_SubjectST7221J0-PSG_EEG_Fpz-Cz,1261.5779999999986,
SleepDB,SleepDB_SubjectST7221J0-PSG_EEG_Pz-Oz,1296.7539699999995,
SleepDB,SleepDB_SubjectST7221J0-PSG_EOG_horizontal,1259.9629100000006,
SleepDB,SleepDB_SubjectST7221J0-PSG_EMG_submental,1203.2124700000004,
SleepDB,SleepDB_SubjectST7241J0-PSG_EEG_Fpz-Cz,1229.1948000000002,
SleepDB,SleepDB_SubjectST7241J0-PSG_EEG_Pz-Oz,1239.9972900000012,
SleepDB,SleepDB_SubjectST7241J0-PSG_EOG_horizontal,1223.6118999999992,
SleepDB,SleepDB_SubjectST7241J0-PSG_EMG_submental,1265.8086199999996,
